archive_date,count_long_short_ratio,count_toptrader_long_short_ratio,create_time,source,sum_open_interest,sum_open_interest_value,sum_taker_long_short_vol_ratio,sum_toptrader_long_short_ratio,symbol
2024-07-10,,,2024-07-10 00:00:00,binance_coin_m_archive,105997544.00000000,345837.35870776,1.35617971,,ETHUSD_PERP
2024-07-11,,,2024-07-11 00:00:00,binance_coin_m_archive,105221050.00000000,339395.54290586,0.48222797,,ETHUSD_PERP
2024-07-12,,,2024-07-12 00:00:00,binance_coin_m_archive,103947770.00000000,335575.18724174,0.30477690,,ETHUSD_PERP
2024-07-13,,,2024-07-13 00:00:00,binance_coin_m_archive,104325585.00000000,332968.16353887,0.25764921,,ETHUSD_PERP
2024-07-14,,,2024-07-14 00:00:00,binance_coin_m_archive,104626359.00000000,329530.80147779,2.15945200,,ETHUSD_PERP
2024-07-15,,,2024-07-15 00:00:00,binance_coin_m_archive,106329790.00000000,327740.44583694,0.28194155,,ETHUSD_PERP
2024-07-16,,,2024-07-16 00:00:00,binance_coin_m_archive,104291178.00000000,299337.96893825,1.58979818,,ETHUSD_PERP
2024-07-17,,,2024-07-17 00:00:00,binance_coin_m_archive,102382278.00000000,297266.87223442,0.41772782,,ETHUSD_PERP
2024-07-18,,,2024-07-18 00:00:00,binance_coin_m_archive,101059895.00000000,298447.20762863,0.51406985,,ETHUSD_PERP
2024-07-19,,,2024-07-19 00:00:00,binance_coin_m_archive,97445917.00000000,284464.74780855,1.58486003,,ETHUSD_PERP
2024-07-20,,,2024-07-20 00:00:00,binance_coin_m_archive,98455889.00000000,280981.19361970,2.28368499,,ETHUSD_PERP
2024-07-21,,,2024-07-21 00:00:00,binance_coin_m_archive,96057570.00000000,273110.39841691,0.33293846,,ETHUSD_PERP
2024-07-22,,,2024-07-22 00:00:00,binance_coin_m_archive,95213802.00000000,269325.40371740,0.74897816,,ETHUSD_PERP
2024-07-23,,,2024-07-23 00:00:00,binance_coin_m_archive,93664280.00000000,272366.32348880,0.47573275,,ETHUSD_PERP
2024-07-24,,,2024-07-24 00:00:00,binance_coin_m_archive,92192598.00000000,264795.70893111,1.11766599,,ETHUSD_PERP
2024-07-25,,,2024-07-25 00:00:00,binance_coin_m_archive,92987178.00000000,278871.24172275,0.94382043,,ETHUSD_PERP
2024-07-26,,,2024-07-26 00:00:00,binance_coin_m_archive,94692103.00000000,298399.73363222,0.47704925,,ETHUSD_PERP
2024-07-27,,,2024-07-27 00:00:00,binance_coin_m_archive,93788903.00000000,286508.68028508,0.26774164,,ETHUSD_PERP
2024-07-28,,,2024-07-28 00:00:00,binance_coin_m_archive,94800995.00000000,291839.04383697,0.31708622,,ETHUSD_PERP
2024-07-29,,,2024-07-29 00:00:00,binance_coin_m_archive,93911257.00000000,287240.51113249,0.08043822,,ETHUSD_PERP
2024-07-30,,,2024-07-30 00:00:00,binance_coin_m_archive,93812885.00000000,282794.73800772,0.85780582,,ETHUSD_PERP
2024-07-31,,,2024-07-31 00:00:00,binance_coin_m_archive,93967283.00000000,286695.39602148,1.55515213,,ETHUSD_PERP
2024-08-01,,,2024-08-01 00:00:00,binance_coin_m_archive,95755045.00000000,296360.74254959,1.34303803,,ETHUSD_PERP
2024-08-02,,,2024-08-02 00:00:00,binance_coin_m_archive,96320817.00000000,300924.50083260,0.50776482,,ETHUSD_PERP
2024-08-03,,,2024-08-03 00:00:00,binance_coin_m_archive,96963358.00000000,324725.71127322,0.98679632,,ETHUSD_PERP
2024-08-04,,,2024-08-04 00:00:00,binance_coin_m_archive,93179162.00000000,321193.37614571,0.65138143,,ETHUSD_PERP
2024-08-05,,,2024-08-05 00:00:00,binance_coin_m_archive,91589049.00000000,340849.85623366,1.33501055,,ETHUSD_PERP
2024-08-06,,,2024-08-06 00:00:00,binance_coin_m_archive,70224810.00000000,290351.93768321,0.71359235,,ETHUSD_PERP
2024-08-07,,,2024-08-07 00:00:00,binance_coin_m_archive,67255746.00000000,273245.94802307,1.29710327,,ETHUSD_PERP
2024-08-08,,,2024-08-08 00:00:00,binance_coin_m_archive,65589691.00000000,280044.26988478,0.83043454,,ETHUSD_PERP
2024-08-09,,,2024-08-09 00:00:00,binance_coin_m_archive,62687203.00000000,233619.23584472,0.80870678,,ETHUSD_PERP
2024-08-10,,,2024-08-10 00:00:00,binance_coin_m_archive,62276582.00000000,239640.52717653,0.88787148,,ETHUSD_PERP
2024-08-11,,,2024-08-11 00:00:00,binance_coin_m_archive,62537934.00000000,239682.40840104,1.69029302,,ETHUSD_PERP
2024-08-12,,,2024-08-12 00:00:00,binance_coin_m_archive,62029704.00000000,242791.01007492,0.47421259,,ETHUSD_PERP
2024-08-13,,,2024-08-13 00:00:00,binance_coin_m_archive,62526361.00000000,229742.93616563,0.43250112,,ETHUSD_PERP
2024-08-14,,,2024-08-14 00:00:00,binance_coin_m_archive,61718855.00000000,228407.25201548,0.61532995,,ETHUSD_PERP
2024-08-15,,,2024-08-15 00:00:00,binance_coin_m_archive,63026367.00000000,236847.27824708,1.49419697,,ETHUSD_PERP
2024-08-16,,,2024-08-16 00:00:00,binance_coin_m_archive,62861584.00000000,244687.09956171,0.58542814,,ETHUSD_PERP
2024-08-17,,,2024-08-17 00:00:00,binance_coin_m_archive,61358001.00000000,236742.60348180,0.75591616,,ETHUSD_PERP
2024-08-18,,,2024-08-18 00:00:00,binance_coin_m_archive,60536498.00000000,231603.40500421,19.09384359,,ETHUSD_PERP
2024-08-19,,,2024-08-19 00:00:00,binance_coin_m_archive,60135756.00000000,230310.77680798,0.65710123,,ETHUSD_PERP
2024-08-20,,,2024-08-20 00:00:00,binance_coin_m_archive,60641967.00000000,230026.35798695,2.05137895,,ETHUSD_PERP
2024-08-21,,,2024-08-21 00:00:00,binance_coin_m_archive,60278008.00000000,234382.86477428,0.54071496,,ETHUSD_PERP
2024-08-22,,,2024-08-22 00:00:00,binance_coin_m_archive,60164612.00000000,228780.18100236,0.29613344,,ETHUSD_PERP
2024-08-23,,,2024-08-23 00:00:00,binance_coin_m_archive,60180212.00000000,229488.75059107,2.50654506,,ETHUSD_PERP
2024-08-24,,,2024-08-24 00:00:00,binance_coin_m_archive,63559086.00000000,230029.84350797,0.76293679,,ETHUSD_PERP
2024-08-25,,,2024-08-25 00:00:00,binance_coin_m_archive,60550879.00000000,218735.17541002,0.70891226,,ETHUSD_PERP
2024-08-26,,,2024-08-26 00:00:00,binance_coin_m_archive,62235925.00000000,226621.38324605,0.66746057,,ETHUSD_PERP
2024-08-27,,,2024-08-27 00:00:00,binance_coin_m_archive,62169280.00000000,231998.29833603,1.31308411,,ETHUSD_PERP
2024-08-28,,,2024-08-28 00:00:00,binance_coin_m_archive,61236346.00000000,249252.41873895,0.83033870,,ETHUSD_PERP
2024-08-29,,,2024-08-29 00:00:00,binance_coin_m_archive,59873306.00000000,236912.96320776,1.45990242,,ETHUSD_PERP
2024-08-30,,,2024-08-30 00:00:00,binance_coin_m_archive,59498304.00000000,235437.78557637,0.98914311,,ETHUSD_PERP
2024-08-31,,,2024-08-31 00:00:00,binance_coin_m_archive,58575786.00000000,232020.06654520,0.33221951,,ETHUSD_PERP
2024-09-01,,,2024-09-01 00:00:00,binance_coin_m_archive,58611389.00000000,233347.88753703,0.47857326,,ETHUSD_PERP
2024-09-02,,,2024-09-02 00:00:00,binance_coin_m_archive,59665288.00000000,246038.22753100,0.22368767,,ETHUSD_PERP
2024-09-03,,,2024-09-03 00:00:00,binance_coin_m_archive,57505797.00000000,226686.00419063,1.23113051,,ETHUSD_PERP
2024-09-04,,,2024-09-04 00:00:00,binance_coin_m_archive,55767916.00000000,230132.76555193,0.98382690,,ETHUSD_PERP
2024-09-05,,,2024-09-05 00:00:00,binance_coin_m_archive,55404290.00000000,226185.59660165,1.57825909,,ETHUSD_PERP
2024-09-06,,,2024-09-06 00:00:00,binance_coin_m_archive,56223425.00000000,237549.38081215,1.38523970,,ETHUSD_PERP
2024-09-07,,,2024-09-07 00:00:00,binance_coin_m_archive,55898682.00000000,251441.35520640,1.51340463,,ETHUSD_PERP
2024-09-08,,,2024-09-08 00:00:00,binance_coin_m_archive,54522012.00000000,239977.86932869,0.49473224,,ETHUSD_PERP
2024-09-09,,,2024-09-09 00:00:00,binance_coin_m_archive,54190246.00000000,236021.26315881,0.65883651,,ETHUSD_PERP
2024-09-10,,,2024-09-10 00:00:00,binance_coin_m_archive,53318968.00000000,226040.84983575,3.42566097,,ETHUSD_PERP
2024-09-11,,,2024-09-11 00:00:00,binance_coin_m_archive,52855760.00000000,221376.10990116,0.21194547,,ETHUSD_PERP
2024-09-12,,,2024-09-12 00:00:00,binance_coin_m_archive,54160788.00000000,231469.21837538,0.99567517,,ETHUSD_PERP
2024-09-13,,,2024-09-13 00:00:00,binance_coin_m_archive,53119519.00000000,225012.15296898,3.47542145,,ETHUSD_PERP
2024-09-14,,,2024-09-14 00:00:00,binance_coin_m_archive,52964832.00000000,217089.89883214,0.83929353,,ETHUSD_PERP
2024-09-15,,,2024-09-15 00:00:00,binance_coin_m_archive,52409190.00000000,216810.58876092,1.63741722,,ETHUSD_PERP
2024-09-16,,,2024-09-16 00:00:00,binance_coin_m_archive,52913084.00000000,228551.18436674,1.05952610,,ETHUSD_PERP
2024-09-17,,,2024-09-17 00:00:00,binance_coin_m_archive,52638261.00000000,229369.60926572,0.84486736,,ETHUSD_PERP
2024-09-18,,,2024-09-18 00:00:00,binance_coin_m_archive,51737146.00000000,220971.82145739,0.30196534,,ETHUSD_PERP
2024-09-19,,,2024-09-19 00:00:00,binance_coin_m_archive,51347634.00000000,216280.54221795,1.06738004,,ETHUSD_PERP
2024-09-20,,,2024-09-20 00:00:00,binance_coin_m_archive,54292906.00000000,220273.06880883,0.64857153,,ETHUSD_PERP
2024-09-21,,,2024-09-21 00:00:00,binance_coin_m_archive,56054345.00000000,218898.13046396,1.25604401,,ETHUSD_PERP
2024-09-22,,,2024-09-22 00:00:00,binance_coin_m_archive,58632992.00000000,224366.13654045,0.54845037,,ETHUSD_PERP
2024-09-23,,,2024-09-23 00:00:00,binance_coin_m_archive,58856879.00000000,228088.34423727,1.38405888,,ETHUSD_PERP
2024-09-24,,,2024-09-24 00:00:00,binance_coin_m_archive,57584327.00000000,217677.20193544,1.91002176,,ETHUSD_PERP
2024-09-25,,,2024-09-25 00:00:00,binance_coin_m_archive,57970555.00000000,218591.83634992,0.19654419,,ETHUSD_PERP
2024-09-26,,,2024-09-26 00:00:00,binance_coin_m_archive,57785802.00000000,224097.05070790,0.91876221,,ETHUSD_PERP
2024-09-27,,,2024-09-27 00:00:00,binance_coin_m_archive,57420434.00000000,218244.83373305,1.22913543,,ETHUSD_PERP
2024-09-28,,,2024-09-28 00:00:00,binance_coin_m_archive,60591926.00000000,224910.05306930,0.83021166,,ETHUSD_PERP
2024-09-29,,,2024-09-29 00:00:00,binance_coin_m_archive,60431937.00000000,225959.39741107,0.84539452,,ETHUSD_PERP
2024-09-30,,,2024-09-30 00:00:00,binance_coin_m_archive,59056376.00000000,222263.64455042,0.28359801,,ETHUSD_PERP
2024-10-01,,,2024-10-01 00:00:00,binance_coin_m_archive,59997151.00000000,230584.64515472,0.54086291,,ETHUSD_PERP
2024-10-02,,,2024-10-02 00:00:00,binance_coin_m_archive,58584961.00000000,239445.78593937,0.80193412,,ETHUSD_PERP
2024-10-03,,,2024-10-03 00:00:00,binance_coin_m_archive,57424016.00000000,243074.90687437,1.65265938,,ETHUSD_PERP
2024-10-04,,,2024-10-04 00:00:00,binance_coin_m_archive,58426481.00000000,248801.82578927,0.92911593,,ETHUSD_PERP
2024-10-05,,,2024-10-05 00:00:00,binance_coin_m_archive,58213373.00000000,241207.71641457,0.15510701,,ETHUSD_PERP
2024-10-06,,,2024-10-06 00:00:00,binance_coin_m_archive,58533454.00000000,242477.83655277,0.81686530,,ETHUSD_PERP
2024-10-07,,,2024-10-07 00:00:00,binance_coin_m_archive,58810364.00000000,241126.05763445,1.91949420,,ETHUSD_PERP
2024-10-08,,,2024-10-08 00:00:00,binance_coin_m_archive,59332093.00000000,245067.60703001,0.68156681,,ETHUSD_PERP
2024-10-09,,,2024-10-09 00:00:00,binance_coin_m_archive,58220217.00000000,238732.19600530,0.71052551,,ETHUSD_PERP
2024-10-10,,,2024-10-10 00:00:00,binance_coin_m_archive,57788316.00000000,244097.25313948,0.65439940,,ETHUSD_PERP
2024-10-11,,,2024-10-11 00:00:00,binance_coin_m_archive,59474672.00000000,249562.22830192,0.06570954,,ETHUSD_PERP
2024-10-12,,,2024-10-12 00:00:00,binance_coin_m_archive,59449759.00000000,243879.43815201,1.77868715,,ETHUSD_PERP
2024-10-13,,,2024-10-13 00:00:00,binance_coin_m_archive,60466061.00000000,244303.33902498,0.19225023,,ETHUSD_PERP
2024-10-14,,,2024-10-14 00:00:00,binance_coin_m_archive,59956336.00000000,243007.98557175,3.98736958,,ETHUSD_PERP
2024-10-15,,,2024-10-15 00:00:00,binance_coin_m_archive,66094303.00000000,251404.72803347,1.73495257,,ETHUSD_PERP
2024-10-16,,,2024-10-16 00:00:00,binance_coin_m_archive,66350225.00000000,254534.37395879,2.97999828,,ETHUSD_PERP
2024-10-17,,,2024-10-17 00:00:00,binance_coin_m_archive,64820533.00000000,248369.75829936,0.34399124,,ETHUSD_PERP
2024-10-18,,,2024-10-18 00:00:00,binance_coin_m_archive,65633948.00000000,252051.45949101,6.60249878,,ETHUSD_PERP
2024-10-19,,,2024-10-19 00:00:00,binance_coin_m_archive,67759969.00000000,256593.65331819,2.38131522,,ETHUSD_PERP
2024-10-20,,,2024-10-20 00:00:00,binance_coin_m_archive,67072659.00000000,253374.00176792,0.41730065,,ETHUSD_PERP
2024-10-21,,,2024-10-21 00:00:00,binance_coin_m_archive,69792335.00000000,254048.05238770,2.36368463,,ETHUSD_PERP
2024-10-22,,,2024-10-22 00:00:00,binance_coin_m_archive,70041664.00000000,262743.60224775,0.85377536,,ETHUSD_PERP
2024-10-23,,,2024-10-23 00:00:00,binance_coin_m_archive,68519248.00000000,261448.76021327,5.93835832,,ETHUSD_PERP
2024-10-24,,,2024-10-24 00:00:00,binance_coin_m_archive,68454573.00000000,271473.20914620,3.97715702,,ETHUSD_PERP
2024-10-25,,,2024-10-25 00:00:00,binance_coin_m_archive,68135744.00000000,268872.33093803,0.79809823,,ETHUSD_PERP
2024-10-26,,,2024-10-26 00:00:00,binance_coin_m_archive,68211147.00000000,279907.63986345,2.28608277,,ETHUSD_PERP
2024-10-27,,,2024-10-27 00:00:00,binance_coin_m_archive,67902822.00000000,273880.84670496,7.81319507,,ETHUSD_PERP
2024-10-28,,,2024-10-28 00:00:00,binance_coin_m_archive,67920858.00000000,271120.14479888,0.21343548,,ETHUSD_PERP
2024-10-29,,,2024-10-29 00:00:00,binance_coin_m_archive,69164132.00000000,269595.13460643,0.39588582,,ETHUSD_PERP
2024-10-30,,,2024-10-30 00:00:00,binance_coin_m_archive,71190845.00000000,269772.65320661,0.37904611,,ETHUSD_PERP
2024-10-31,,,2024-10-31 00:00:00,binance_coin_m_archive,71370974.00000000,268441.10699886,1.91477587,,ETHUSD_PERP
2024-11-01,,,2024-11-01 00:00:00,binance_coin_m_archive,70577538.00000000,280592.71501614,1.49616433,,ETHUSD_PERP
2024-11-02,,,2024-11-02 00:00:00,binance_coin_m_archive,71209997.00000000,283678.82707347,0.01220400,,ETHUSD_PERP
2024-11-03,,,2024-11-03 00:00:00,binance_coin_m_archive,71005386.00000000,284846.59298680,3.80027759,,ETHUSD_PERP
2024-11-04,,,2024-11-04 00:00:00,binance_coin_m_archive,71828748.00000000,292438.51477893,1.07816146,,ETHUSD_PERP
2024-11-05,,,2024-11-05 00:00:00,binance_coin_m_archive,71488309.00000000,298405.57133720,0.40817321,,ETHUSD_PERP
2024-11-06,,,2024-11-06 00:00:00,binance_coin_m_archive,71208193.00000000,294129.62106254,0.61457743,,ETHUSD_PERP
2024-11-07,,,2024-11-07 00:00:00,binance_coin_m_archive,71581504.00000000,262794.35800665,0.46405841,,ETHUSD_PERP
2024-11-08,,,2024-11-08 00:00:00,binance_coin_m_archive,74793350.00000000,258160.77456037,2.18040726,,ETHUSD_PERP
2024-11-09,,,2024-11-09 00:00:00,binance_coin_m_archive,75441985.00000000,254562.71071253,0.32299524,,ETHUSD_PERP
2024-11-10,,,2024-11-10 00:00:00,binance_coin_m_archive,77229027.00000000,246903.09335996,1.48278512,,ETHUSD_PERP
2024-11-11,,,2024-11-11 00:00:00,binance_coin_m_archive,79223781.00000000,248522.58461191,0.51969350,,ETHUSD_PERP
2024-11-12,,,2024-11-12 00:00:00,binance_coin_m_archive,78420105.00000000,232162.56983075,1.41372177,,ETHUSD_PERP
2024-11-13,,,2024-11-13 00:00:00,binance_coin_m_archive,78219711.00000000,240822.00903317,1.40334941,,ETHUSD_PERP
2024-11-14,,,2024-11-14 00:00:00,binance_coin_m_archive,77330261.00000000,242314.22778380,0.84404700,,ETHUSD_PERP
2024-11-15,,,2024-11-15 00:00:00,binance_coin_m_archive,74042366.00000000,241988.28662472,1.35523494,,ETHUSD_PERP
2024-11-16,,,2024-11-16 00:00:00,binance_coin_m_archive,75790592.00000000,245051.38995892,0.54958890,,ETHUSD_PERP
2024-11-17,,,2024-11-17 00:00:00,binance_coin_m_archive,78565406.00000000,250577.39352986,1.26120576,,ETHUSD_PERP
2024-11-18,,,2024-11-18 00:00:00,binance_coin_m_archive,76780052.00000000,249425.91857435,0.96539162,,ETHUSD_PERP
2024-11-19,,,2024-11-19 00:00:00,binance_coin_m_archive,77456964.00000000,241096.91255614,1.61115529,,ETHUSD_PERP
2024-11-20,,,2024-11-20 00:00:00,binance_coin_m_archive,78003802.00000000,250621.52652043,1.39915760,,ETHUSD_PERP
2024-11-21,,,2024-11-21 00:00:00,binance_coin_m_archive,78963892.00000000,256951.92568032,1.60494222,,ETHUSD_PERP
2024-11-22,,,2024-11-22 00:00:00,binance_coin_m_archive,86392740.00000000,256899.52124654,1.63638754,,ETHUSD_PERP
2024-11-23,,,2024-11-23 00:00:00,binance_coin_m_archive,88387356.00000000,265183.92257662,0.39164284,,ETHUSD_PERP
2024-11-24,,,2024-11-24 00:00:00,binance_coin_m_archive,93429598.00000000,274776.77195459,0.63823943,,ETHUSD_PERP
2024-11-25,,,2024-11-25 00:00:00,binance_coin_m_archive,97588542.00000000,289843.86436921,1.34386135,,ETHUSD_PERP
2024-11-26,,,2024-11-26 00:00:00,binance_coin_m_archive,99315539.00000000,290737.55125141,1.55257046,,ETHUSD_PERP
2024-11-27,,,2024-11-27 00:00:00,binance_coin_m_archive,95657436.00000000,287615.31709890,0.62986210,,ETHUSD_PERP
2024-11-28,,,2024-11-28 00:00:00,binance_coin_m_archive,99781262.00000000,272741.95371132,0.53056567,,ETHUSD_PERP
2024-11-29,,,2024-11-29 00:00:00,binance_coin_m_archive,99427780.00000000,277608.65204257,1.15586029,,ETHUSD_PERP
2024-11-30,,,2024-11-30 00:00:00,binance_coin_m_archive,102312214.00000000,284614.63098292,0.88165880,,ETHUSD_PERP
2024-12-01,,,2024-12-01 00:00:00,binance_coin_m_archive,109477138.00000000,295267.67395122,1.09157816,,ETHUSD_PERP
2024-12-02,,,2024-12-02 00:00:00,binance_coin_m_archive,109983717.00000000,296159.10137411,2.03915799,,ETHUSD_PERP
2024-12-03,,,2024-12-03 00:00:00,binance_coin_m_archive,113923336.00000000,312293.27075955,2.02643294,,ETHUSD_PERP
2024-12-04,,,2024-12-04 00:00:00,binance_coin_m_archive,112799599.00000000,311760.53478711,0.55456364,,ETHUSD_PERP
2024-12-05,,,2024-12-05 00:00:00,binance_coin_m_archive,113417299.00000000,294889.10584748,0.75371985,,ETHUSD_PERP
2024-12-06,,,2024-12-06 00:00:00,binance_coin_m_archive,116376509.00000000,306836.15227840,1.38058650,,ETHUSD_PERP
2024-12-07,,,2024-12-07 00:00:00,binance_coin_m_archive,121071047.00000000,302070.48745003,1.17165525,,ETHUSD_PERP
2024-12-08,,,2024-12-08 00:00:00,binance_coin_m_archive,120710816.00000000,301550.87684237,0.64601783,,ETHUSD_PERP
2024-12-09,,,2024-12-09 00:00:00,binance_coin_m_archive,120335130.00000000,300196.01415461,0.70806426,,ETHUSD_PERP
2024-12-10,,,2024-12-10 00:00:00,binance_coin_m_archive,126081349.00000000,339200.51357266,0.77754856,,ETHUSD_PERP
2024-12-11,,,2024-12-11 00:00:00,binance_coin_m_archive,118378448.00000000,325910.95198537,0.88197282,,ETHUSD_PERP
2024-12-12,,,2024-12-12 00:00:00,binance_coin_m_archive,122660143.00000000,319811.39597277,1.64233860,,ETHUSD_PERP
2024-12-13,,,2024-12-13 00:00:00,binance_coin_m_archive,118404424.00000000,304929.48511593,0.81952868,,ETHUSD_PERP
2024-12-14,,,2024-12-14 00:00:00,binance_coin_m_archive,118609118.00000000,303530.55672847,1.06604337,,ETHUSD_PERP
2024-12-15,,,2024-12-15 00:00:00,binance_coin_m_archive,120388648.00000000,311054.44999664,1.72345015,,ETHUSD_PERP
2024-12-16,,,2024-12-16 00:00:00,binance_coin_m_archive,123096082.00000000,310826.07405788,0.50140422,,ETHUSD_PERP
2024-12-17,,,2024-12-17 00:00:00,binance_coin_m_archive,122774115.00000000,307843.42560554,0.99608883,,ETHUSD_PERP
2024-12-18,,,2024-12-18 00:00:00,binance_coin_m_archive,127562269.00000000,327570.73743192,1.91845551,,ETHUSD_PERP
2024-12-19,,,2024-12-19 00:00:00,binance_coin_m_archive,132584240.00000000,365626.57533189,1.38945038,,ETHUSD_PERP
2024-12-20,,,2024-12-20 00:00:00,binance_coin_m_archive,131290846.00000000,384469.18243493,0.16841210,,ETHUSD_PERP
2024-12-21,,,2024-12-21 00:00:00,binance_coin_m_archive,117017169.00000000,337272.89732556,0.78092877,,ETHUSD_PERP
2024-12-22,,,2024-12-22 00:00:00,binance_coin_m_archive,119759357.00000000,358875.77126042,1.05395810,,ETHUSD_PERP
2024-12-23,,,2024-12-23 00:00:00,binance_coin_m_archive,119353790.00000000,364042.42361112,1.12961208,,ETHUSD_PERP
2024-12-24,,,2024-12-24 00:00:00,binance_coin_m_archive,119387295.00000000,349288.89909626,1.12839779,,ETHUSD_PERP
2024-12-25,,,2024-12-25 00:00:00,binance_coin_m_archive,117725945.00000000,337317.82548151,0.36472849,,ETHUSD_PERP
2024-12-26,,,2024-12-26 00:00:00,binance_coin_m_archive,118112428.00000000,338062.93434083,1.02118152,,ETHUSD_PERP
2024-12-27,,,2024-12-27 00:00:00,binance_coin_m_archive,121895063.00000000,365892.32749976,0.32809605,,ETHUSD_PERP
2024-12-28,,,2024-12-28 00:00:00,binance_coin_m_archive,125985094.00000000,378438.56555099,1.09377647,,ETHUSD_PERP
2024-12-29,,,2024-12-29 00:00:00,binance_coin_m_archive,125184665.00000000,368319.10286247,0.79807797,,ETHUSD_PERP
2024-12-30,,,2024-12-30 00:00:00,binance_coin_m_archive,125379159.00000000,374298.09975218,0.23925420,,ETHUSD_PERP
2024-12-31,,,2024-12-31 00:00:00,binance_coin_m_archive,126758272.00000000,377742.07550680,1.50613227,,ETHUSD_PERP
2025-01-01,,,2025-01-01 00:00:00,binance_coin_m_archive,126487050.00000000,379632.02666884,1.49081822,,ETHUSD_PERP
2025-01-02,,,2025-01-02 00:00:00,binance_coin_m_archive,128597029.00000000,383301.92430357,3.27391638,,ETHUSD_PERP
2025-01-03,,,2025-01-03 00:00:00,binance_coin_m_archive,128126586.00000000,371042.63064159,1.41152103,,ETHUSD_PERP
2025-01-04,,,2025-01-04 00:00:00,binance_coin_m_archive,127726727.00000000,354071.55524928,1.24740867,,ETHUSD_PERP
2025-01-05,,,2025-01-05 00:00:00,binance_coin_m_archive,127597398.00000000,348997.69974098,1.36129862,,ETHUSD_PERP
2025-01-06,,,2025-01-06 00:00:00,binance_coin_m_archive,127708712.00000000,351358.73838628,0.32684556,,ETHUSD_PERP
2025-01-07,,,2025-01-07 00:00:00,binance_coin_m_archive,129817321.00000000,352025.96997603,0.40938397,,ETHUSD_PERP
2025-01-08,,,2025-01-08 00:00:00,binance_coin_m_archive,129452317.00000000,383085.49940625,0.94954109,,ETHUSD_PERP
2025-01-09,,,2025-01-09 00:00:00,binance_coin_m_archive,126626068.00000000,380839.44275351,1.99710672,,ETHUSD_PERP
2025-01-10,,,2025-01-10 00:00:00,binance_coin_m_archive,126689802.00000000,393720.76111629,1.69327298,,ETHUSD_PERP
2025-01-11,,,2025-01-11 00:00:00,binance_coin_m_archive,121808335.00000000,373061.57544945,0.69855516,,ETHUSD_PERP
2025-01-12,,,2025-01-12 00:00:00,binance_coin_m_archive,122765956.00000000,374179.75352968,0.51575254,,ETHUSD_PERP
2025-01-13,,,2025-01-13 00:00:00,binance_coin_m_archive,123399228.00000000,378024.29908832,1.44089390,,ETHUSD_PERP
2025-01-14,,,2025-01-14 00:00:00,binance_coin_m_archive,124417269.00000000,396824.16512094,2.24971041,,ETHUSD_PERP
2025-01-15,,,2025-01-15 00:00:00,binance_coin_m_archive,121552545.00000000,377173.76936253,1.47147271,,ETHUSD_PERP
2025-01-16,,,2025-01-16 00:00:00,binance_coin_m_archive,121965201.00000000,353446.51002394,1.27163373,,ETHUSD_PERP
2025-01-17,,,2025-01-17 00:00:00,binance_coin_m_archive,124998418.00000000,378039.60695481,1.28911601,,ETHUSD_PERP
2025-01-18,,,2025-01-18 00:00:00,binance_coin_m_archive,125372910.00000000,360892.32204078,1.66483086,,ETHUSD_PERP
2025-01-19,,,2025-01-19 00:00:00,binance_coin_m_archive,129855185.00000000,392863.64530231,0.51694524,,ETHUSD_PERP
2025-01-20,,,2025-01-20 00:00:00,binance_coin_m_archive,130683655.00000000,406927.83989886,1.54898523,,ETHUSD_PERP
2025-01-21,,,2025-01-21 00:00:00,binance_coin_m_archive,125411378.00000000,382334.27739585,1.68776475,,ETHUSD_PERP
2025-01-22,,,2025-01-22 00:00:00,binance_coin_m_archive,125609646.00000000,377445.04545123,3.16800276,,ETHUSD_PERP
2025-01-23,,,2025-01-23 00:00:00,binance_coin_m_archive,126688915.00000000,390921.05912774,1.07738600,,ETHUSD_PERP
2025-01-24,,,2025-01-24 00:00:00,binance_coin_m_archive,127165095.00000000,381112.08133326,0.50214947,,ETHUSD_PERP
2025-01-25,,,2025-01-25 00:00:00,binance_coin_m_archive,127741656.00000000,385996.16098391,0.46506842,,ETHUSD_PERP
2025-01-26,,,2025-01-26 00:00:00,binance_coin_m_archive,128894476.00000000,388587.50678324,0.73900587,,ETHUSD_PERP
2025-01-27,,,2025-01-27 00:00:00,binance_coin_m_archive,130767117.00000000,404809.55324876,0.39516343,,ETHUSD_PERP
2025-01-28,,,2025-01-28 00:00:00,binance_coin_m_archive,135018129.00000000,424429.31201081,5.71209193,,ETHUSD_PERP
2025-01-29,,,2025-01-29 00:00:00,binance_coin_m_archive,136504863.00000000,443910.99068285,1.02143456,,ETHUSD_PERP
2025-01-30,,,2025-01-30 00:00:00,binance_coin_m_archive,137834315.00000000,442811.17633588,0.42053514,,ETHUSD_PERP
2025-01-31,,,2025-01-31 00:00:00,binance_coin_m_archive,136603302.00000000,420809.87616290,0.64522417,,ETHUSD_PERP
2025-02-01,,,2025-02-01 00:00:00,binance_coin_m_archive,138055774.00000000,418465.72192726,0.65119490,,ETHUSD_PERP
2025-02-02,,,2025-02-02 00:00:00,binance_coin_m_archive,141162507.00000000,453069.71489725,1.06575567,,ETHUSD_PERP
2025-02-03,,,2025-02-03 00:00:00,binance_coin_m_archive,143540428.00000000,500562.33664317,0.99120817,,ETHUSD_PERP
2025-02-04,,,2025-02-04 00:00:00,binance_coin_m_archive,102607128.00000000,356044.21148062,1.06231624,,ETHUSD_PERP
2025-02-05,,,2025-02-05 00:00:00,binance_coin_m_archive,90971706.00000000,333081.19831018,1.24601351,,ETHUSD_PERP
2025-02-06,,,2025-02-06 00:00:00,binance_coin_m_archive,84013910.00000000,301440.01830434,0.90933410,,ETHUSD_PERP
2025-02-07,,,2025-02-07 00:00:00,binance_coin_m_archive,81735339.00000000,304342.06896256,1.22997998,,ETHUSD_PERP
2025-02-08,,,2025-02-08 00:00:00,binance_coin_m_archive,80543659.00000000,307239.27369528,0.47977682,,ETHUSD_PERP
2025-02-09,,,2025-02-09 00:00:00,binance_coin_m_archive,80223664.00000000,304859.06897207,0.73145780,,ETHUSD_PERP
2025-02-10,,,2025-02-10 00:00:00,binance_coin_m_archive,78729633.00000000,299762.53807493,0.43061318,,ETHUSD_PERP
2025-02-11,,,2025-02-11 00:00:00,binance_coin_m_archive,78127699.00000000,293640.90930144,1.77792471,,ETHUSD_PERP
2025-02-12,,,2025-02-12 00:00:00,binance_coin_m_archive,80611800.00000000,309855.89581756,0.34186476,,ETHUSD_PERP
2025-02-13,,,2025-02-13 00:00:00,binance_coin_m_archive,80664295.00000000,294696.38681865,1.36870027,,ETHUSD_PERP
2025-02-14,,,2025-02-14 00:00:00,binance_coin_m_archive,82568815.00000000,308657.50803970,1.10283230,,ETHUSD_PERP
2025-02-15,,,2025-02-15 00:00:00,binance_coin_m_archive,82986548.00000000,304560.14386377,0.58030169,,ETHUSD_PERP
2025-02-16,,,2025-02-16 00:00:00,binance_coin_m_archive,82364759.00000000,305920.84561706,2.21046528,,ETHUSD_PERP
2025-02-17,,,2025-02-17 00:00:00,binance_coin_m_archive,82961331.00000000,311831.56789777,1.34551911,,ETHUSD_PERP
2025-02-18,,,2025-02-18 00:00:00,binance_coin_m_archive,84434291.00000000,307824.11183640,0.54177077,,ETHUSD_PERP
2025-02-19,,,2025-02-19 00:00:00,binance_coin_m_archive,82518399.00000000,309127.14093055,1.90437204,,ETHUSD_PERP
2025-02-20,,,2025-02-20 00:00:00,binance_coin_m_archive,82694305.00000000,304697.77090866,0.57415178,,ETHUSD_PERP
2025-02-21,,,2025-02-21 00:00:00,binance_coin_m_archive,82544684.00000000,301522.07773232,0.95810697,,ETHUSD_PERP
2025-02-22,,,2025-02-22 00:00:00,binance_coin_m_archive,86418330.00000000,324883.17417747,1.08938456,,ETHUSD_PERP
2025-02-23,,,2025-02-23 00:00:00,binance_coin_m_archive,85567731.00000000,309779.29186638,0.84070551,,ETHUSD_PERP
2025-02-24,,,2025-02-24 00:00:00,binance_coin_m_archive,86290101.00000000,306143.08065649,0.95547572,,ETHUSD_PERP
2025-02-25,,,2025-02-25 00:00:00,binance_coin_m_archive,84772244.00000000,337449.64287323,0.32347034,,ETHUSD_PERP
2025-02-26,,,2025-02-26 00:00:00,binance_coin_m_archive,83882739.00000000,336645.92731125,0.48052779,,ETHUSD_PERP
2025-02-27,,,2025-02-27 00:00:00,binance_coin_m_archive,83775676.00000000,359116.07789680,2.32628041,,ETHUSD_PERP
2025-02-28,,,2025-02-28 00:00:00,binance_coin_m_archive,84359317.00000000,365954.87434518,1.63652630,,ETHUSD_PERP
2025-03-01,,,2025-03-01 00:00:00,binance_coin_m_archive,77683467.00000000,347516.39311261,1.58040184,,ETHUSD_PERP
2025-03-02,,,2025-03-02 00:00:00,binance_coin_m_archive,77747628.00000000,350896.10481470,2.60546335,,ETHUSD_PERP
2025-03-03,,,2025-03-03 00:00:00,binance_coin_m_archive,79147899.00000000,314380.59773327,0.74917530,,ETHUSD_PERP
2025-03-04,,,2025-03-04 00:00:00,binance_coin_m_archive,76519632.00000000,356381.99516629,1.07093894,,ETHUSD_PERP
2025-03-05,,,2025-03-05 00:00:00,binance_coin_m_archive,73806358.00000000,340149.68061867,0.92215848,,ETHUSD_PERP
2025-03-06,,,2025-03-06 00:00:00,binance_coin_m_archive,74790560.00000000,333824.86230422,1.26704431,,ETHUSD_PERP
2025-03-07,,,2025-03-07 00:00:00,binance_coin_m_archive,73770545.00000000,335180.49544734,2.15188220,,ETHUSD_PERP
2025-03-08,,,2025-03-08 00:00:00,binance_coin_m_archive,74162635.00000000,346579.77902787,0.69166429,,ETHUSD_PERP
2025-03-09,,,2025-03-09 00:00:00,binance_coin_m_archive,73563796.00000000,334041.54694757,2.20612755,,ETHUSD_PERP
2025-03-10,,,2025-03-10 00:00:00,binance_coin_m_archive,75269212.00000000,372853.49120653,1.02103331,,ETHUSD_PERP
2025-03-11,,,2025-03-11 00:00:00,binance_coin_m_archive,75587380.00000000,405764.20948659,0.54924234,,ETHUSD_PERP
2025-03-12,,,2025-03-12 00:00:00,binance_coin_m_archive,72826962.00000000,378829.61059498,1.17007725,,ETHUSD_PERP
2025-03-13,,,2025-03-13 00:00:00,binance_coin_m_archive,73266008.00000000,384151.24001590,1.06363377,,ETHUSD_PERP
2025-03-14,,,2025-03-14 00:00:00,binance_coin_m_archive,74387682.00000000,399255.90739305,2.92028923,,ETHUSD_PERP
2025-03-15,,,2025-03-15 00:00:00,binance_coin_m_archive,72871052.00000000,381364.09880678,1.26639331,,ETHUSD_PERP
2025-03-16,,,2025-03-16 00:00:00,binance_coin_m_archive,72597689.00000000,374943.37634501,0.19182585,,ETHUSD_PERP
2025-03-17,,,2025-03-17 00:00:00,binance_coin_m_archive,72938445.00000000,386713.23619855,1.14317546,,ETHUSD_PERP
2025-03-18,,,2025-03-18 00:00:00,binance_coin_m_archive,73050056.00000000,379421.67973822,0.57622082,,ETHUSD_PERP
2025-03-19,,,2025-03-19 00:00:00,binance_coin_m_archive,73923742.00000000,382909.49869987,3.74318147,,ETHUSD_PERP
2025-03-20,,,2025-03-20 00:00:00,binance_coin_m_archive,73358919.00000000,356820.22302066,1.19474547,,ETHUSD_PERP
2025-03-21,,,2025-03-21 00:00:00,binance_coin_m_archive,72362146.00000000,365065.33767823,1.48810995,,ETHUSD_PERP
2025-03-22,,,2025-03-22 00:00:00,binance_coin_m_archive,73110376.00000000,372170.94017094,0.78623085,,ETHUSD_PERP
2025-03-23,,,2025-03-23 00:00:00,binance_coin_m_archive,71878029.00000000,363073.52592046,0.92193990,,ETHUSD_PERP
2025-03-24,,,2025-03-24 00:00:00,binance_coin_m_archive,72353502.00000000,360822.59282198,0.56702641,,ETHUSD_PERP
2025-03-25,,,2025-03-25 00:00:00,binance_coin_m_archive,72921447.00000000,350548.48789305,2.69611941,,ETHUSD_PERP
2025-03-26,,,2025-03-26 00:00:00,binance_coin_m_archive,74506587.00000000,360671.37782903,0.39204046,,ETHUSD_PERP
2025-03-27,,,2025-03-27 00:00:00,binance_coin_m_archive,75092855.00000000,373804.55802027,0.30186615,,ETHUSD_PERP
2025-03-28,,,2025-03-28 00:00:00,binance_coin_m_archive,73075024.00000000,364882.52858641,1.02977628,,ETHUSD_PERP
2025-03-29,,,2025-03-29 00:00:00,binance_coin_m_archive,75518655.00000000,398412.31027333,0.29961117,,ETHUSD_PERP
2025-03-30,,,2025-03-30 00:00:00,binance_coin_m_archive,77221050.00000000,422753.77473147,0.89184061,,ETHUSD_PERP
2025-03-31,,,2025-03-31 00:00:00,binance_coin_m_archive,77047817.00000000,426465.50540777,0.31575033,,ETHUSD_PERP
2025-04-01,,,2025-04-01 00:00:00,binance_coin_m_archive,76476313.00000000,419938.79075080,0.90181040,,ETHUSD_PERP
2025-04-02,,,2025-04-02 00:00:00,binance_coin_m_archive,75364344.00000000,395696.66150167,1.26755811,,ETHUSD_PERP
2025-04-03,,,2025-04-03 00:00:00,binance_coin_m_archive,74401441.00000000,414656.72215751,1.49561940,,ETHUSD_PERP
2025-04-04,,,2025-04-04 00:00:00,binance_coin_m_archive,75882706.00000000,417948.36968495,0.55395716,,ETHUSD_PERP
2025-04-05,,,2025-04-05 00:00:00,binance_coin_m_archive,74368789.00000000,409594.19387884,5.49761223,,ETHUSD_PERP
2025-04-06,,,2025-04-06 00:00:00,binance_coin_m_archive,74022318.00000000,410212.47870471,0.68687605,,ETHUSD_PERP
2025-04-07,,,2025-04-07 00:00:00,binance_coin_m_archive,73676922.00000000,466643.37152520,0.87550967,,ETHUSD_PERP
2025-04-08,,,2025-04-08 00:00:00,binance_coin_m_archive,62769718.00000000,404522.25301282,0.71544002,,ETHUSD_PERP
2025-04-09,,,2025-04-09 00:00:00,binance_coin_m_archive,62615212.00000000,425548.53880658,1.27596183,,ETHUSD_PERP
2025-04-10,,,2025-04-10 00:00:00,binance_coin_m_archive,59169476.00000000,354652.63330017,2.57487972,,ETHUSD_PERP
2025-04-11,,,2025-04-11 00:00:00,binance_coin_m_archive,59090562.00000000,388549.19779064,1.27139212,,ETHUSD_PERP
2025-04-12,,,2025-04-12 00:00:00,binance_coin_m_archive,57099876.00000000,364766.86810870,0.71332769,,ETHUSD_PERP
2025-04-13,,,2025-04-13 00:00:00,binance_coin_m_archive,56918631.00000000,346382.57728120,0.48835521,,ETHUSD_PERP
2025-04-14,,,2025-04-14 00:00:00,binance_coin_m_archive,57295094.00000000,358854.66081260,0.88685575,,ETHUSD_PERP
2025-04-15,,,2025-04-15 00:00:00,binance_coin_m_archive,55850745.00000000,344130.70621841,1.50550403,,ETHUSD_PERP
2025-04-16,,,2025-04-16 00:00:00,binance_coin_m_archive,55820871.00000000,351481.20974648,0.96688190,,ETHUSD_PERP
2025-04-17,,,2025-04-17 00:00:00,binance_coin_m_archive,55315636.00000000,350802.78787187,1.45067346,,ETHUSD_PERP
2025-04-18,,,2025-04-18 00:00:00,binance_coin_m_archive,54460867.00000000,343978.00914993,2.06078551,,ETHUSD_PERP
2025-04-19,,,2025-04-19 00:00:00,binance_coin_m_archive,54128239.00000000,340937.36575902,7.81149807,,ETHUSD_PERP
2025-04-20,,,2025-04-20 00:00:00,binance_coin_m_archive,56072399.00000000,347755.21734546,0.26845513,,ETHUSD_PERP
2025-04-21,,,2025-04-21 00:00:00,binance_coin_m_archive,55552943.00000000,350173.80909977,0.16713383,,ETHUSD_PERP
2025-04-22,,,2025-04-22 00:00:00,binance_coin_m_archive,55624464.00000000,352307.64831950,1.40796991,,ETHUSD_PERP
2025-04-23,,,2025-04-23 00:00:00,binance_coin_m_archive,55603881.00000000,316650.80296128,2.87328935,,ETHUSD_PERP
2025-04-24,,,2025-04-24 00:00:00,binance_coin_m_archive,56651775.00000000,315559.69805963,8.02569626,,ETHUSD_PERP
2025-04-25,,,2025-04-25 00:00:00,binance_coin_m_archive,56636062.00000000,320060.30579310,3.24858610,,ETHUSD_PERP
2025-04-26,,,2025-04-26 00:00:00,binance_coin_m_archive,56138086.00000000,314440.31683104,0.45088097,,ETHUSD_PERP
2025-04-27,,,2025-04-27 00:00:00,binance_coin_m_archive,55256153.00000000,303480.17575175,0.58572814,,ETHUSD_PERP
2025-04-28,,,2025-04-28 00:00:00,binance_coin_m_archive,53093423.00000000,296443.64137666,2.94774169,,ETHUSD_PERP
2025-04-29,,,2025-04-29 00:00:00,binance_coin_m_archive,53345619.00000000,296430.05095111,1.69645547,,ETHUSD_PERP
2025-04-30,,,2025-04-30 00:00:00,binance_coin_m_archive,52661354.00000000,292961.70966775,0.28043056,,ETHUSD_PERP
2025-05-01,,,2025-05-01 00:00:00,binance_coin_m_archive,52014748.00000000,290066.62948918,1.37740485,,ETHUSD_PERP
2025-05-02,,,2025-05-02 00:00:00,binance_coin_m_archive,50538197.00000000,274964.48294060,1.01842393,,ETHUSD_PERP
2025-05-03,,,2025-05-03 00:00:00,binance_coin_m_archive,50907616.00000000,276354.91908735,3.69814968,,ETHUSD_PERP
2025-05-04,,,2025-05-04 00:00:00,binance_coin_m_archive,51252454.00000000,279551.63219167,1.36278946,,ETHUSD_PERP
2025-05-05,,,2025-05-05 00:00:00,binance_coin_m_archive,51125082.00000000,282734.02805069,2.18970530,,ETHUSD_PERP
2025-05-06,,,2025-05-06 00:00:00,binance_coin_m_archive,53238035.00000000,292597.85486433,1.97955873,,ETHUSD_PERP
2025-05-07,,,2025-05-07 00:00:00,binance_coin_m_archive,53745721.00000000,295878.40768960,0.86824092,,ETHUSD_PERP
2025-05-08,,,2025-05-08 00:00:00,binance_coin_m_archive,52574007.00000000,290366.26882653,0.79621224,,ETHUSD_PERP
2025-05-09,,,2025-05-09 00:00:00,binance_coin_m_archive,53874923.00000000,244098.99776406,1.58707650,,ETHUSD_PERP
2025-05-10,,,2025-05-10 00:00:00,binance_coin_m_archive,56376649.00000000,240465.47208763,1.84695853,,ETHUSD_PERP
2025-05-11,,,2025-05-11 00:00:00,binance_coin_m_archive,55674172.00000000,215505.03404870,0.83100012,,ETHUSD_PERP
2025-05-12,,,2025-05-12 00:00:00,binance_coin_m_archive,57439890.00000000,228485.76611144,1.26719609,,ETHUSD_PERP
2025-05-13,,,2025-05-13 00:00:00,binance_coin_m_archive,58218951.00000000,233378.88736565,1.31545940,,ETHUSD_PERP
2025-05-14,,,2025-05-14 00:00:00,binance_coin_m_archive,57173293.00000000,213398.96365879,0.78355709,,ETHUSD_PERP
2025-05-15,,,2025-05-15 00:00:00,binance_coin_m_archive,57549310.00000000,220579.10855075,1.88321382,,ETHUSD_PERP
2025-05-16,,,2025-05-16 00:00:00,binance_coin_m_archive,56359786.00000000,221190.51655795,2.67544962,,ETHUSD_PERP
2025-05-17,,,2025-05-17 00:00:00,binance_coin_m_archive,57065936.00000000,224951.55727075,0.56161667,,ETHUSD_PERP
2025-05-18,,,2025-05-18 00:00:00,binance_coin_m_archive,57468469.00000000,232203.33990594,0.85159754,,ETHUSD_PERP
2025-05-19,,,2025-05-19 00:00:00,binance_coin_m_archive,64385143.00000000,257784.39972754,1.16774893,,ETHUSD_PERP
2025-05-20,,,2025-05-20 00:00:00,binance_coin_m_archive,60396575.00000000,238964.21238477,0.63491396,,ETHUSD_PERP
2025-05-21,,,2025-05-21 00:00:00,binance_coin_m_archive,60320111.00000000,238960.61435583,11.81119714,,ETHUSD_PERP
2025-05-22,,,2025-05-22 00:00:00,binance_coin_m_archive,62887977.00000000,246536.37204707,0.66530469,,ETHUSD_PERP
2025-05-23,,,2025-05-23 00:00:00,binance_coin_m_archive,65876631.00000000,247204.84753420,1.17067948,,ETHUSD_PERP
2025-05-24,,,2025-05-24 00:00:00,binance_coin_m_archive,67138331.00000000,265756.33186211,1.99980891,,ETHUSD_PERP
2025-05-25,,,2025-05-25 00:00:00,binance_coin_m_archive,66419575.00000000,262527.96442688,0.85587131,,ETHUSD_PERP
2025-05-26,,,2025-05-26 00:00:00,binance_coin_m_archive,65992950.00000000,258665.14345129,1.76269834,,ETHUSD_PERP
2025-05-27,,,2025-05-27 00:00:00,binance_coin_m_archive,66777308.00000000,260495.11206804,0.53503090,,ETHUSD_PERP
2025-05-28,,,2025-05-28 00:00:00,binance_coin_m_archive,69229779.00000000,260177.92342243,0.66643825,,ETHUSD_PERP
2025-05-29,,,2025-05-29 00:00:00,binance_coin_m_archive,65221526.00000000,243254.94546161,0.24210187,,ETHUSD_PERP
2025-05-30,,,2025-05-30 00:00:00,binance_coin_m_archive,64986514.00000000,247065.64190503,0.66347550,,ETHUSD_PERP
2025-05-31,,,2025-05-31 00:00:00,binance_coin_m_archive,61880268.00000000,244497.44791646,1.86165254,,ETHUSD_PERP
2025-06-01,,,2025-06-01 00:00:00,binance_coin_m_archive,63374705.00000000,250646.46324824,0.23026287,,ETHUSD_PERP
2025-06-02,,,2025-06-02 00:00:00,binance_coin_m_archive,63581340.00000000,250398.11594945,1.68154762,,ETHUSD_PERP
2025-06-03,,,2025-06-03 00:00:00,binance_coin_m_archive,64238508.00000000,246310.46422012,0.27301575,,ETHUSD_PERP
2025-06-04,,,2025-06-04 00:00:00,binance_coin_m_archive,61644286.00000000,237662.89447433,0.79473304,,ETHUSD_PERP
2025-06-05,,,2025-06-05 00:00:00,binance_coin_m_archive,63948880.00000000,245205.16553415,1.15989115,,ETHUSD_PERP
2025-06-06,,,2025-06-06 00:00:00,binance_coin_m_archive,67408600.00000000,279228.69806553,1.56515141,,ETHUSD_PERP
2025-06-07,,,2025-06-07 00:00:00,binance_coin_m_archive,67061858.00000000,270739.31667064,0.82578812,,ETHUSD_PERP
2025-06-08,,,2025-06-08 00:00:00,binance_coin_m_archive,67203243.00000000,266151.45742574,0.69072519,,ETHUSD_PERP
2025-06-09,,,2025-06-09 00:00:00,binance_coin_m_archive,68307820.00000000,272197.45316376,1.20455610,,ETHUSD_PERP
2025-06-10,,,2025-06-10 00:00:00,binance_coin_m_archive,66662054.00000000,248749.39151160,0.56743435,,ETHUSD_PERP
2025-06-11,,,2025-06-11 00:00:00,binance_coin_m_archive,63088285.00000000,224010.57221920,0.82571840,,ETHUSD_PERP
2025-06-12,,,2025-06-12 00:00:00,binance_coin_m_archive,63634561.00000000,229618.23607523,0.33636914,,ETHUSD_PERP
2025-06-13,,,2025-06-13 00:00:00,binance_coin_m_archive,62162341.00000000,235209.39351833,0.63927016,,ETHUSD_PERP
2025-06-14,,,2025-06-14 00:00:00,binance_coin_m_archive,67720775.00000000,262578.27433920,3.87458390,,ETHUSD_PERP
2025-06-15,,,2025-06-15 00:00:00,binance_coin_m_archive,67105518.00000000,265159.54891021,0.19722593,,ETHUSD_PERP
2025-06-16,,,2025-06-16 00:00:00,binance_coin_m_archive,66141442.00000000,259690.69085214,1.69534156,,ETHUSD_PERP
2025-06-17,,,2025-06-17 00:00:00,binance_coin_m_archive,68957428.00000000,271211.48603411,0.54649395,,ETHUSD_PERP
2025-06-18,,,2025-06-18 00:00:00,binance_coin_m_archive,65985367.00000000,262974.77273542,1.27858663,,ETHUSD_PERP
2025-06-19,,,2025-06-19 00:00:00,binance_coin_m_archive,67523619.00000000,267460.62281330,6.29029639,,ETHUSD_PERP
2025-06-20,,,2025-06-20 00:00:00,binance_coin_m_archive,69512393.00000000,275773.40779031,1.62301587,,ETHUSD_PERP
2025-06-21,,,2025-06-21 00:00:00,binance_coin_m_archive,73417156.00000000,305155.91319636,0.81830052,,ETHUSD_PERP
2025-06-22,,,2025-06-22 00:00:00,binance_coin_m_archive,70977833.00000000,309283.73225965,1.29301439,,ETHUSD_PERP
2025-06-23,,,2025-06-23 00:00:00,binance_coin_m_archive,69833281.00000000,313518.04798072,0.51671860,,ETHUSD_PERP
2025-06-24,,,2025-06-24 00:00:00,binance_coin_m_archive,66158454.00000000,274250.17128673,0.98415911,,ETHUSD_PERP
2025-06-25,,,2025-06-25 00:00:00,binance_coin_m_archive,66882801.00000000,273071.08491273,3.77790627,,ETHUSD_PERP
2025-06-26,,,2025-06-26 00:00:00,binance_coin_m_archive,66602824.00000000,275386.69930371,1.76767930,,ETHUSD_PERP
2025-06-27,,,2025-06-27 00:00:00,binance_coin_m_archive,65942406.00000000,272942.68164472,0.70870106,,ETHUSD_PERP
2025-06-28,,,2025-06-28 00:00:00,binance_coin_m_archive,65957271.00000000,272198.73249431,0.94032724,,ETHUSD_PERP
2025-06-29,,,2025-06-29 00:00:00,binance_coin_m_archive,65975667.00000000,270861.64539345,2.22053657,,ETHUSD_PERP
2025-06-30,,,2025-06-30 00:00:00,binance_coin_m_archive,66312459.00000000,265192.96143396,4.12144345,,ETHUSD_PERP
2025-07-01,,,2025-07-01 00:00:00,binance_coin_m_archive,68220925.00000000,274527.06164262,0.65470034,,ETHUSD_PERP
2025-07-02,,,2025-07-02 00:00:00,binance_coin_m_archive,69003694.00000000,287005.45055169,1.49926993,,ETHUSD_PERP
2025-07-03,,,2025-07-03 00:00:00,binance_coin_m_archive,67297686.00000000,261796.26907188,0.91850561,,ETHUSD_PERP
2025-07-04,,,2025-07-04 00:00:00,binance_coin_m_archive,67826947.00000000,261751.12504016,1.67571940,,ETHUSD_PERP
2025-07-05,,,2025-07-05 00:00:00,binance_coin_m_archive,68069130.00000000,271458.21524195,0.29264987,,ETHUSD_PERP
2025-07-06,,,2025-07-06 00:00:00,binance_coin_m_archive,67500245.00000000,268283.96263911,0.62040708,,ETHUSD_PERP
2025-07-07,,,2025-07-07 00:00:00,binance_coin_m_archive,67275967.00000000,261776.22783057,1.82655955,,ETHUSD_PERP
2025-07-08,,,2025-07-08 00:00:00,binance_coin_m_archive,68957106.00000000,271347.89456257,2.15487878,,ETHUSD_PERP
2025-07-09,,,2025-07-09 00:00:00,binance_coin_m_archive,68217378.00000000,260889.96504977,1.26558680,,ETHUSD_PERP
2025-07-10,,,2025-07-10 00:00:00,binance_coin_m_archive,69715890.00000000,251821.34295586,0.58126483,,ETHUSD_PERP
2025-07-11,,,2025-07-11 00:00:00,binance_coin_m_archive,68248722.00000000,231294.36444541,0.25581139,,ETHUSD_PERP
2025-07-12,,,2025-07-12 00:00:00,binance_coin_m_archive,73369695.00000000,248013.86949893,4.80294232,,ETHUSD_PERP
2025-07-13,,,2025-07-13 00:00:00,binance_coin_m_archive,73635058.00000000,250145.42292157,0.60210440,,ETHUSD_PERP
2025-07-14,,,2025-07-14 00:00:00,binance_coin_m_archive,75000790.00000000,252341.84221063,0.64460245,,ETHUSD_PERP
2025-07-15,,,2025-07-15 00:00:00,binance_coin_m_archive,78589024.00000000,260698.46864171,2.24766299,,ETHUSD_PERP
2025-07-16,,,2025-07-16 00:00:00,binance_coin_m_archive,74962254.00000000,238718.08801987,0.96812147,,ETHUSD_PERP
2025-07-17,,,2025-07-17 00:00:00,binance_coin_m_archive,75113642.00000000,222675.49781434,1.18006567,,ETHUSD_PERP
2025-07-18,,,2025-07-18 00:00:00,binance_coin_m_archive,76539210.00000000,220024.51397982,0.95746649,,ETHUSD_PERP
2025-07-19,,,2025-07-19 00:00:00,binance_coin_m_archive,78301552.00000000,220647.30945242,3.45304778,,ETHUSD_PERP
2025-07-20,,,2025-07-20 00:00:00,binance_coin_m_archive,78645285.00000000,218859.75994946,2.57094861,,ETHUSD_PERP
2025-07-21,,,2025-07-21 00:00:00,binance_coin_m_archive,85898817.00000000,228511.49866414,1.06355213,,ETHUSD_PERP
2025-07-22,,,2025-07-22 00:00:00,binance_coin_m_archive,93150976.00000000,247505.74628165,2.28174449,,ETHUSD_PERP
2025-07-23,,,2025-07-23 00:00:00,binance_coin_m_archive,91570828.00000000,244315.11666166,0.70631068,,ETHUSD_PERP
2025-07-24,,,2025-07-24 00:00:00,binance_coin_m_archive,91699439.00000000,252729.01881561,1.91099865,,ETHUSD_PERP
2025-07-25,,,2025-07-25 00:00:00,binance_coin_m_archive,91815935.00000000,247625.80740861,0.90528213,,ETHUSD_PERP
2025-07-26,,,2025-07-26 00:00:00,binance_coin_m_archive,90981021.00000000,244281.07581274,1.22155731,,ETHUSD_PERP
2025-07-27,,,2025-07-27 00:00:00,binance_coin_m_archive,92275529.00000000,246640.94202802,1.04589572,,ETHUSD_PERP
2025-07-28,,,2025-07-28 00:00:00,binance_coin_m_archive,97555418.00000000,251849.49853813,1.49945703,,ETHUSD_PERP
2025-07-29,,,2025-07-29 00:00:00,binance_coin_m_archive,101351877.00000000,266950.10087814,1.09341350,,ETHUSD_PERP
2025-07-30,,,2025-07-30 00:00:00,binance_coin_m_archive,102175000.00000000,269470.14082725,0.99632449,,ETHUSD_PERP
2025-07-31,,,2025-07-31 00:00:00,binance_coin_m_archive,103401105.00000000,271491.59934150,2.83596773,,ETHUSD_PERP
2025-08-01,,,2025-08-01 00:00:00,binance_coin_m_archive,102081625.00000000,276165.73197092,1.58749966,,ETHUSD_PERP
2025-08-02,,,2025-08-02 00:00:00,binance_coin_m_archive,101672002.00000000,291738.91006688,0.55466587,,ETHUSD_PERP
2025-08-03,,,2025-08-03 00:00:00,binance_coin_m_archive,96989439.00000000,286004.14308841,1.00675204,,ETHUSD_PERP
2025-08-04,,,2025-08-04 00:00:00,binance_coin_m_archive,95856274.00000000,274270.53219443,1.40728832,,ETHUSD_PERP
2025-08-05,,,2025-08-05 00:00:00,binance_coin_m_archive,93628924.00000000,251750.20972703,1.32647323,,ETHUSD_PERP
2025-08-06,,,2025-08-06 00:00:00,binance_coin_m_archive,95184329.00000000,263659.94685188,0.68420761,,ETHUSD_PERP
2025-08-07,,,2025-08-07 00:00:00,binance_coin_m_archive,93483325.00000000,253883.41604577,0.51055835,,ETHUSD_PERP
2025-08-08,,,2025-08-08 00:00:00,binance_coin_m_archive,101171250.00000000,258698.39264801,1.08392672,,ETHUSD_PERP
2025-08-09,,,2025-08-09 00:00:00,binance_coin_m_archive,109378402.00000000,272754.33295489,0.47901476,,ETHUSD_PERP
2025-08-10,,,2025-08-10 00:00:00,binance_coin_m_archive,120895047.00000000,283605.44854426,0.38936006,,ETHUSD_PERP
2025-08-11,,,2025-08-11 00:00:00,binance_coin_m_archive,123380530.00000000,290192.08783656,0.77299582,,ETHUSD_PERP
2025-08-12,,,2025-08-12 00:00:00,binance_coin_m_archive,114688208.00000000,271611.45385091,1.51015138,,ETHUSD_PERP
2025-08-13,,,2025-08-13 00:00:00,binance_coin_m_archive,120020445.00000000,261478.16194499,1.08715937,,ETHUSD_PERP
2025-08-14,,,2025-08-14 00:00:00,binance_coin_m_archive,134539176.00000000,283165.97529120,0.69922146,,ETHUSD_PERP
2025-08-15,,,2025-08-15 00:00:00,binance_coin_m_archive,136964766.00000000,301085.90409951,1.23361567,,ETHUSD_PERP
2025-08-16,,,2025-08-16 00:00:00,binance_coin_m_archive,126676088.00000000,285224.45231672,2.36165389,,ETHUSD_PERP
2025-08-17,,,2025-08-17 00:00:00,binance_coin_m_archive,123394233.00000000,278990.05627542,2.80796919,,ETHUSD_PERP
2025-08-18,,,2025-08-18 00:00:00,binance_coin_m_archive,135889437.00000000,303687.98404646,0.85902449,,ETHUSD_PERP
2025-08-19,,,2025-08-19 00:00:00,binance_coin_m_archive,125891217.00000000,291858.72264068,0.73026924,,ETHUSD_PERP
2025-08-20,,,2025-08-20 00:00:00,binance_coin_m_archive,125104961.00000000,307024.36315815,0.67529099,,ETHUSD_PERP
2025-08-21,,,2025-08-21 00:00:00,binance_coin_m_archive,122306119.00000000,282154.60052783,1.80473913,,ETHUSD_PERP
2025-08-22,,,2025-08-22 00:00:00,binance_coin_m_archive,123233099.00000000,291806.54736942,1.13085003,,ETHUSD_PERP
2025-08-23,,,2025-08-23 00:00:00,binance_coin_m_archive,138969823.00000000,287721.00943681,0.86012518,,ETHUSD_PERP
2025-08-24,,,2025-08-24 00:00:00,binance_coin_m_archive,142134011.00000000,297479.68999192,0.94525055,,ETHUSD_PERP
2025-08-25,,,2025-08-25 00:00:00,binance_coin_m_archive,137995729.00000000,288735.06900563,1.52404426,,ETHUSD_PERP
2025-08-26,,,2025-08-26 00:00:00,binance_coin_m_archive,138186348.00000000,315735.02491803,0.80447133,,ETHUSD_PERP
2025-08-27,,,2025-08-27 00:00:00,binance_coin_m_archive,130681941.00000000,284099.78114694,1.12218404,,ETHUSD_PERP
2025-08-28,,,2025-08-28 00:00:00,binance_coin_m_archive,133483339.00000000,296265.48719907,1.11975768,,ETHUSD_PERP
2025-08-29,,,2025-08-29 00:00:00,binance_coin_m_archive,129910855.00000000,288053.08277706,1.70498328,,ETHUSD_PERP
2025-08-30,,,2025-08-30 00:00:00,binance_coin_m_archive,129528566.00000000,297179.29151562,0.60617437,,ETHUSD_PERP
2025-08-31,,,2025-08-31 00:00:00,binance_coin_m_archive,127692804.00000000,292008.76304337,2.13156308,,ETHUSD_PERP
2025-09-01,,,2025-09-01 00:00:00,binance_coin_m_archive,127777630.00000000,291024.37404092,1.31481364,,ETHUSD_PERP
2025-09-02,,,2025-09-02 00:00:00,binance_coin_m_archive,130350584.00000000,302213.54205236,2.27738121,,ETHUSD_PERP
2025-09-03,,,2025-09-03 00:00:00,binance_coin_m_archive,124419055.00000000,287693.57416859,1.93386998,,ETHUSD_PERP
2025-09-04,,,2025-09-04 00:00:00,binance_coin_m_archive,123259190.00000000,276945.26344668,0.52022563,,ETHUSD_PERP
2025-09-05,,,2025-09-05 00:00:00,binance_coin_m_archive,127161780.00000000,295979.22473097,0.32892168,,ETHUSD_PERP
2025-09-06,,,2025-09-06 00:00:00,binance_coin_m_archive,126528010.00000000,293882.12477354,0.19485561,,ETHUSD_PERP
2025-09-07,,,2025-09-07 00:00:00,binance_coin_m_archive,129064239.00000000,302097.57108048,1.95367701,,ETHUSD_PERP
2025-09-08,,,2025-09-08 00:00:00,binance_coin_m_archive,128922966.00000000,299518.71442981,2.01600006,,ETHUSD_PERP
2025-09-09,,,2025-09-09 00:00:00,binance_coin_m_archive,124410709.00000000,288979.11121022,1.09827304,,ETHUSD_PERP
2025-09-10,,,2025-09-10 00:00:00,binance_coin_m_archive,128367667.00000000,297856.08588400,0.84228011,,ETHUSD_PERP
2025-09-11,,,2025-09-11 00:00:00,binance_coin_m_archive,129608527.00000000,298100.71507265,1.66238321,,ETHUSD_PERP
2025-09-12,,,2025-09-12 00:00:00,binance_coin_m_archive,134719412.00000000,302168.98411544,0.71393981,,ETHUSD_PERP
2025-09-13,,,2025-09-13 00:00:00,binance_coin_m_archive,141148018.00000000,299457.97239814,1.48917842,,ETHUSD_PERP
2025-09-14,,,2025-09-14 00:00:00,binance_coin_m_archive,143139668.00000000,306649.48502204,1.13399712,,ETHUSD_PERP
2025-09-15,,,2025-09-15 00:00:00,binance_coin_m_archive,139929875.00000000,303908.64923094,0.57824408,,ETHUSD_PERP
2025-09-16,,,2025-09-16 00:00:00,binance_coin_m_archive,132848299.00000000,293716.95700509,1.26666787,,ETHUSD_PERP
2025-09-17,,,2025-09-17 00:00:00,binance_coin_m_archive,133136760.00000000,295785.41902578,0.32810454,,ETHUSD_PERP
2025-09-18,,,2025-09-18 00:00:00,binance_coin_m_archive,134091618.00000000,292120.68976863,0.73908937,,ETHUSD_PERP
2025-09-19,,,2025-09-19 00:00:00,binance_coin_m_archive,131683107.00000000,287063.46638843,0.53421331,,ETHUSD_PERP
2025-09-20,,,2025-09-20 00:00:00,binance_coin_m_archive,128562173.00000000,287644.12239123,1.08983003,,ETHUSD_PERP
2025-09-21,,,2025-09-21 00:00:00,binance_coin_m_archive,126003529.00000000,281221.61508776,0.19054672,,ETHUSD_PERP
2025-09-22,,,2025-09-22 00:00:00,binance_coin_m_archive,125427435.00000000,282112.98920378,1.37781375,,ETHUSD_PERP
2025-09-23,,,2025-09-23 00:00:00,binance_coin_m_archive,131645504.00000000,313410.33515696,2.57626640,,ETHUSD_PERP
2025-09-24,,,2025-09-24 00:00:00,binance_coin_m_archive,129719427.00000000,311526.00144092,2.24440633,,ETHUSD_PERP
2025-09-25,,,2025-09-25 00:00:00,binance_coin_m_archive,129284781.00000000,311364.53205530,1.27092215,,ETHUSD_PERP
2025-09-26,,,2025-09-26 00:00:00,binance_coin_m_archive,122363014.00000000,315869.26184545,1.45773882,,ETHUSD_PERP
2025-09-27,,,2025-09-27 00:00:00,binance_coin_m_archive,122903746.00000000,304798.87607290,1.18371837,,ETHUSD_PERP
2025-09-28,,,2025-09-28 00:00:00,binance_coin_m_archive,118965982.00000000,296059.74153313,1.67283114,,ETHUSD_PERP
2025-09-29,,,2025-09-29 00:00:00,binance_coin_m_archive,114342342.00000000,276051.20628092,0.63660861,,ETHUSD_PERP
2025-09-30,,,2025-09-30 00:00:00,binance_coin_m_archive,119393935.00000000,283222.06855972,2.04460530,,ETHUSD_PERP
2025-10-01,,,2025-10-01 00:00:00,binance_coin_m_archive,114309596.00000000,275833.63536552,1.84945507,,ETHUSD_PERP
2025-10-02,,,2025-10-02 00:00:00,binance_coin_m_archive,115801826.00000000,266284.55206034,3.33858560,,ETHUSD_PERP
2025-10-03,,,2025-10-03 00:00:00,binance_coin_m_archive,121741768.00000000,271413.79011527,1.50477235,,ETHUSD_PERP
2025-10-04,,,2025-10-04 00:00:00,binance_coin_m_archive,119706454.00000000,265217.51094489,0.34149417,,ETHUSD_PERP
2025-10-05,,,2025-10-05 00:00:00,binance_coin_m_archive,111433017.00000000,248302.65453597,2.45768351,,ETHUSD_PERP
2025-10-06,,,2025-10-06 00:00:00,binance_coin_m_archive,119120037.00000000,263818.89918985,2.24397463,,ETHUSD_PERP
2025-10-07,,,2025-10-07 00:00:00,binance_coin_m_archive,124874706.00000000,266535.83914964,0.30229587,,ETHUSD_PERP
2025-10-08,,,2025-10-08 00:00:00,binance_coin_m_archive,117925706.00000000,265163.66408232,2.01993725,,ETHUSD_PERP
2025-10-09,,,2025-10-09 00:00:00,binance_coin_m_archive,113382888.00000000,250559.95120636,0.74456507,,ETHUSD_PERP
2025-10-10,,,2025-10-10 00:00:00,binance_coin_m_archive,115881100.00000000,265230.56235833,1.58545606,,ETHUSD_PERP
2025-10-11,,,2025-10-11 00:00:00,binance_coin_m_archive,102347438.00000000,266999.81738686,0.65882561,,ETHUSD_PERP
2025-10-12,,,2025-10-12 00:00:00,binance_coin_m_archive,94410170.00000000,251841.71425980,0.18015098,,ETHUSD_PERP
2025-10-13,,,2025-10-13 00:00:00,binance_coin_m_archive,96377660.00000000,231988.80226073,1.21729525,,ETHUSD_PERP
2025-10-14,,,2025-10-14 00:00:00,binance_coin_m_archive,87850559.00000000,207030.84114402,0.56610804,,ETHUSD_PERP
2025-10-15,,,2025-10-15 00:00:00,binance_coin_m_archive,87613464.00000000,212345.56680554,1.23480578,,ETHUSD_PERP
2025-10-16,,,2025-10-16 00:00:00,binance_coin_m_archive,83439981.00000000,209322.63891084,2.57348669,,ETHUSD_PERP
2025-10-17,,,2025-10-17 00:00:00,binance_coin_m_archive,83763173.00000000,215123.14287620,2.42803058,,ETHUSD_PERP
2025-10-18,,,2025-10-18 00:00:00,binance_coin_m_archive,81911239.00000000,213786.52729384,1.19865112,,ETHUSD_PERP
2025-10-19,,,2025-10-19 00:00:00,binance_coin_m_archive,83361727.00000000,214384.57522593,1.07669441,,ETHUSD_PERP
2025-10-20,,,2025-10-20 00:00:00,binance_coin_m_archive,86399399.00000000,216962.15732963,0.57185550,,ETHUSD_PERP
2025-10-21,,,2025-10-21 00:00:00,binance_coin_m_archive,88542496.00000000,222495.97563519,1.92424656,,ETHUSD_PERP
2025-10-22,,,2025-10-22 00:00:00,binance_coin_m_archive,85699820.00000000,221273.86088530,0.77662739,,ETHUSD_PERP
2025-10-23,,,2025-10-23 00:00:00,binance_coin_m_archive,90040355.00000000,236707.12334138,1.58456352,,ETHUSD_PERP
2025-10-24,,,2025-10-24 00:00:00,binance_coin_m_archive,88984104.00000000,230729.92977770,1.59715695,,ETHUSD_PERP
2025-10-25,,,2025-10-25 00:00:00,binance_coin_m_archive,89718130.00000000,228038.94040587,8.40477107,,ETHUSD_PERP
2025-10-26,,,2025-10-26 00:00:00,binance_coin_m_archive,89409352.00000000,226197.02888138,12.73545861,,ETHUSD_PERP
2025-10-27,,,2025-10-27 00:00:00,binance_coin_m_archive,91508734.00000000,220077.27807333,0.24499401,,ETHUSD_PERP
2025-10-28,,,2025-10-28 00:00:00,binance_coin_m_archive,93967242.00000000,228141.17150058,0.52902066,,ETHUSD_PERP
2025-10-29,,,2025-10-29 00:00:00,binance_coin_m_archive,93392156.00000000,234724.42947622,0.33961767,,ETHUSD_PERP
2025-10-30,,,2025-10-30 00:00:00,binance_coin_m_archive,95225639.00000000,244071.84453451,1.57253336,,ETHUSD_PERP
2025-10-31,,,2025-10-31 00:00:00,binance_coin_m_archive,96178613.00000000,252980.21044210,2.09165261,,ETHUSD_PERP
2025-11-01,,,2025-11-01 00:00:00,binance_coin_m_archive,89374608.00000000,232432.83608707,0.36779799,,ETHUSD_PERP
2025-11-02,,,2025-11-02 00:00:00,binance_coin_m_archive,89915988.00000000,232277.11213724,0.97517441,,ETHUSD_PERP
2025-11-03,,,2025-11-03 00:00:00,binance_coin_m_archive,89372215.00000000,228894.84822637,1.82473368,,ETHUSD_PERP
2025-11-04,,,2025-11-04 00:00:00,binance_coin_m_archive,91958583.00000000,255322.77616432,2.65560065,,ETHUSD_PERP
2025-11-05,,,2025-11-05 00:00:00,binance_coin_m_archive,82860679.00000000,252309.40382267,1.57881441,,ETHUSD_PERP
2025-11-06,,,2025-11-06 00:00:00,binance_coin_m_archive,76778409.00000000,224257.98344082,3.55046126,,ETHUSD_PERP
2025-11-07,,,2025-11-07 00:00:00,binance_coin_m_archive,74133143.00000000,223786.00709999,0.52606899,,ETHUSD_PERP
2025-11-08,,,2025-11-08 00:00:00,binance_coin_m_archive,71377924.00000000,207918.86908420,0.29308176,,ETHUSD_PERP
2025-11-09,,,2025-11-09 00:00:00,binance_coin_m_archive,71170544.00000000,209381.06560224,1.93732701,,ETHUSD_PERP
2025-11-10,,,2025-11-10 00:00:00,binance_coin_m_archive,71047281.00000000,198407.87573969,3.50046571,,ETHUSD_PERP
2025-11-11,,,2025-11-11 00:00:00,binance_coin_m_archive,70421658.00000000,197522.54877026,1.33372057,,ETHUSD_PERP
2025-11-12,,,2025-11-12 00:00:00,binance_coin_m_archive,69002198.00000000,202068.05083753,3.84606334,,ETHUSD_PERP
2025-11-13,,,2025-11-13 00:00:00,binance_coin_m_archive,69867202.00000000,204715.65740472,0.79454389,,ETHUSD_PERP
2025-11-14,,,2025-11-14 00:00:00,binance_coin_m_archive,74683215.00000000,231327.67635343,1.06967542,,ETHUSD_PERP
2025-11-15,,,2025-11-15 00:00:00,binance_coin_m_archive,73733136.00000000,237122.12627032,1.39466537,,ETHUSD_PERP
2025-11-16,,,2025-11-16 00:00:00,binance_coin_m_archive,71168496.00000000,224890.09950736,1.58167028,,ETHUSD_PERP
2025-11-17,,,2025-11-17 00:00:00,binance_coin_m_archive,74125905.00000000,239710.41890910,0.43692838,,ETHUSD_PERP
2025-11-18,,,2025-11-18 00:00:00,binance_coin_m_archive,75826877.00000000,250556.73303549,2.12229097,,ETHUSD_PERP
2025-11-19,,,2025-11-19 00:00:00,binance_coin_m_archive,70073836.00000000,224528.70138068,3.68080143,,ETHUSD_PERP
2025-11-20,,,2025-11-20 00:00:00,binance_coin_m_archive,72585540.00000000,240181.14314864,1.60791980,,ETHUSD_PERP
2025-11-21,,,2025-11-21 00:00:00,binance_coin_m_archive,73483318.00000000,259580.09038478,1.08580065,,ETHUSD_PERP
2025-11-22,,,2025-11-22 00:00:00,binance_coin_m_archive,66029548.00000000,238973.44636565,2.38493621,,ETHUSD_PERP
2025-11-23,,,2025-11-23 00:00:00,binance_coin_m_archive,67093250.00000000,242414.29710258,0.33002029,,ETHUSD_PERP
2025-11-24,,,2025-11-24 00:00:00,binance_coin_m_archive,66498411.00000000,237529.01635037,0.76981192,,ETHUSD_PERP
2025-11-25,,,2025-11-25 00:00:00,binance_coin_m_archive,63795100.00000000,216181.29447645,0.35977054,,ETHUSD_PERP
2025-11-26,,,2025-11-26 00:00:00,binance_coin_m_archive,65586773.00000000,221771.95226871,2.75444782,,ETHUSD_PERP
2025-11-27,,,2025-11-27 00:00:00,binance_coin_m_archive,63109653.00000000,208641.43626500,0.04714242,,ETHUSD_PERP
2025-11-28,,,2025-11-28 00:00:00,binance_coin_m_archive,61922631.00000000,205495.32451874,1.13348001,,ETHUSD_PERP
2025-11-29,,,2025-11-29 00:00:00,binance_coin_m_archive,63651140.00000000,210057.38364554,0.45331082,,ETHUSD_PERP
2025-11-30,,,2025-11-30 00:00:00,binance_coin_m_archive,62291504.00000000,208424.10554457,4.16584910,,ETHUSD_PERP
2025-12-01,,,2025-12-01 00:00:00,binance_coin_m_archive,60422334.00000000,202061.86985641,0.27520639,,ETHUSD_PERP
2025-12-02,,,2025-12-02 00:00:00,binance_coin_m_archive,60982257.00000000,217967.51673789,1.32056200,,ETHUSD_PERP
2025-12-03,,,2025-12-03 00:00:00,binance_coin_m_archive,59933665.00000000,200059.63368594,1.44580966,,ETHUSD_PERP
2025-12-04,,,2025-12-04 00:00:00,binance_coin_m_archive,60625931.00000000,190144.71476379,0.21629280,,ETHUSD_PERP
2025-12-05,,,2025-12-05 00:00:00,binance_coin_m_archive,60356449.00000000,192682.86489315,0.47999755,,ETHUSD_PERP
2025-12-06,,,2025-12-06 00:00:00,binance_coin_m_archive,62698377.00000000,207565.84509956,0.42155525,,ETHUSD_PERP
2025-12-07,,,2025-12-07 00:00:00,binance_coin_m_archive,62158659.00000000,204628.96423550,0.81901735,,ETHUSD_PERP
2025-12-08,,,2025-12-08 00:00:00,binance_coin_m_archive,63135284.00000000,206418.89753482,0.84307545,,ETHUSD_PERP
2025-12-09,,,2025-12-09 00:00:00,binance_coin_m_archive,62235311.00000000,199271.60165731,0.44411680,,ETHUSD_PERP
2025-12-10,,,2025-12-10 00:00:00,binance_coin_m_archive,65074500.00000000,196183.62264925,0.73674853,,ETHUSD_PERP
2025-12-11,,,2025-12-11 00:00:00,binance_coin_m_archive,66586753.00000000,200333.23481323,0.17944024,,ETHUSD_PERP
2025-12-12,,,2025-12-12 00:00:00,binance_coin_m_archive,65820511.00000000,203347.42419327,0.68147802,,ETHUSD_PERP
2025-12-13,,,2025-12-13 00:00:00,binance_coin_m_archive,64966425.00000000,210697.36330025,0.50567151,,ETHUSD_PERP
2025-12-14,,,2025-12-14 00:00:00,binance_coin_m_archive,63273485.00000000,203202.78051647,0.78275435,,ETHUSD_PERP
2025-12-15,,,2025-12-15 00:00:00,binance_coin_m_archive,64135043.00000000,209492.37452841,2.16406450,,ETHUSD_PERP
2025-12-16,,,2025-12-16 00:00:00,binance_coin_m_archive,67499011.00000000,227820.92338017,0.70199179,,ETHUSD_PERP
2025-12-17,,,2025-12-17 00:00:00,binance_coin_m_archive,65439212.00000000,221026.89575741,0.76376313,,ETHUSD_PERP
2025-12-18,,,2025-12-18 00:00:00,binance_coin_m_archive,64789551.00000000,228846.42225069,2.13771147,,ETHUSD_PERP
2025-12-19,,,2025-12-19 00:00:00,binance_coin_m_archive,63589248.00000000,225022.19815918,5.55462060,,ETHUSD_PERP
2025-12-20,,,2025-12-20 00:00:00,binance_coin_m_archive,64263694.00000000,215897.02982272,1.83458647,,ETHUSD_PERP
2025-12-21,,,2025-12-21 00:00:00,binance_coin_m_archive,62546186.00000000,210201.12651821,0.83663121,,ETHUSD_PERP
2025-12-22,,,2025-12-22 00:00:00,binance_coin_m_archive,62457799.00000000,208171.15231426,1.36608363,,ETHUSD_PERP
2025-12-23,,,2025-12-23 00:00:00,binance_coin_m_archive,66142228.00000000,220018.07222322,1.14436662,,ETHUSD_PERP
2025-12-24,,,2025-12-24 00:00:00,binance_coin_m_archive,64809497.00000000,218860.05815151,0.85118926,,ETHUSD_PERP
2025-12-25,,,2025-12-25 00:00:00,binance_coin_m_archive,64683671.00000000,219699.78105064,0.27123335,,ETHUSD_PERP
2025-12-26,,,2025-12-26 00:00:00,binance_coin_m_archive,64914847.00000000,223781.79542955,0.53677278,,ETHUSD_PERP
2025-12-27,,,2025-12-27 00:00:00,binance_coin_m_archive,66211409.00000000,226431.32547599,0.50357887,,ETHUSD_PERP
2025-12-28,,,2025-12-28 00:00:00,binance_coin_m_archive,66786235.00000000,226712.18252055,0.40835019,,ETHUSD_PERP
2025-12-29,,,2025-12-29 00:00:00,binance_coin_m_archive,65942768.00000000,223751.73218782,1.03089080,,ETHUSD_PERP
2025-12-30,,,2025-12-30 00:00:00,binance_coin_m_archive,65088795.00000000,221862.26070244,1.32262156,,ETHUSD_PERP
2025-12-31,,,2025-12-31 00:00:00,binance_coin_m_archive,64877327.00000000,218489.26031199,0.93392957,,ETHUSD_PERP
2026-01-01,,,2026-01-01 00:00:00,binance_coin_m_archive,65037007.00000000,219219.70843516,2.46178910,,ETHUSD_PERP
2026-01-02,,,2026-01-02 00:00:00,binance_coin_m_archive,64916872.00000000,216454.01764399,3.04568040,,ETHUSD_PERP
2026-01-03,,,2026-01-03 00:00:00,binance_coin_m_archive,68467087.00000000,219256.75299181,2.59645248,,ETHUSD_PERP
2026-01-04,,,2026-01-04 00:00:00,binance_coin_m_archive,67940333.00000000,217451.51213517,0.37949666,,ETHUSD_PERP
2026-01-05,,,2026-01-05 00:00:00,binance_coin_m_archive,69037616.00000000,219699.69339927,1.92327253,,ETHUSD_PERP
2026-01-06,,,2026-01-06 00:00:00,binance_coin_m_archive,69405388.00000000,215297.97043179,0.58113901,,ETHUSD_PERP
2026-01-07,,,2026-01-07 00:00:00,binance_coin_m_archive,71258392.00000000,216342.64837511,0.58430110,,ETHUSD_PERP
2026-01-08,,,2026-01-08 00:00:00,binance_coin_m_archive,70936000.00000000,224169.58718742,2.36960243,,ETHUSD_PERP
2026-01-09,,,2026-01-09 00:00:00,binance_coin_m_archive,70156857.00000000,226098.69715372,0.70078548,,ETHUSD_PERP
2026-01-10,,,2026-01-10 00:00:00,binance_coin_m_archive,68101661.00000000,220926.37913416,0.48122228,,ETHUSD_PERP
2026-01-11,,,2026-01-11 00:00:00,binance_coin_m_archive,67987994.00000000,220647.87917302,0.07181477,,ETHUSD_PERP
2026-01-12,,,2026-01-12 00:00:00,binance_coin_m_archive,67371536.00000000,216100.64151912,1.52728930,,ETHUSD_PERP
2026-01-13,,,2026-01-13 00:00:00,binance_coin_m_archive,67724485.00000000,219129.83197492,6.42622951,,ETHUSD_PERP
2026-01-14,,,2026-01-14 00:00:00,binance_coin_m_archive,72697291.00000000,218804.29980015,0.76702371,,ETHUSD_PERP
2026-01-15,,,2026-01-15 00:00:00,binance_coin_m_archive,74692449.00000000,222740.70551000,0.38081549,,ETHUSD_PERP
2026-01-16,,,2026-01-16 00:00:00,binance_coin_m_archive,73744587.00000000,222378.36649032,0.16657938,,ETHUSD_PERP
2026-01-17,,,2026-01-17 00:00:00,binance_coin_m_archive,73730008.00000000,223863.85387063,0.09752086,,ETHUSD_PERP
2026-01-18,,,2026-01-18 00:00:00,binance_coin_m_archive,72307558.00000000,218613.84688998,702.52083333,,ETHUSD_PERP
2026-01-19,,,2026-01-19 00:00:00,binance_coin_m_archive,71928391.00000000,219219.01200081,1.00280925,,ETHUSD_PERP
2026-01-20,,,2026-01-20 00:00:00,binance_coin_m_archive,71123543.00000000,223237.73697426,5.99145473,,ETHUSD_PERP
2026-01-21,,,2026-01-21 00:00:00,binance_coin_m_archive,78889258.00000000,268789.92890013,0.71775542,,ETHUSD_PERP
2026-01-22,,,2026-01-22 00:00:00,binance_coin_m_archive,74802175.00000000,251148.85508998,0.68163238,,ETHUSD_PERP
2026-01-23,,,2026-01-23 00:00:00,binance_coin_m_archive,75243820.00000000,255210.86727945,1.88567974,,ETHUSD_PERP
2026-01-24,,,2026-01-24 00:00:00,binance_coin_m_archive,74028603.00000000,250805.43964167,10.51781737,,ETHUSD_PERP
2026-01-25,,,2026-01-25 00:00:00,binance_coin_m_archive,73233997.00000000,248454.23648891,2.12646370,,ETHUSD_PERP
2026-01-26,,,2026-01-26 00:00:00,binance_coin_m_archive,75848662.00000000,269593.10143429,2.50994713,,ETHUSD_PERP
2026-01-27,,,2026-01-27 00:00:00,binance_coin_m_archive,75085115.00000000,256631.22880233,0.27276833,,ETHUSD_PERP
2026-01-28,,,2026-01-28 00:00:00,binance_coin_m_archive,75588581.00000000,250198.86863899,1.33020810,,ETHUSD_PERP
2026-01-29,,,2026-01-29 00:00:00,binance_coin_m_archive,80450621.00000000,267731.85473101,1.50932323,,ETHUSD_PERP
2026-01-30,,,2026-01-30 00:00:00,binance_coin_m_archive,84293308.00000000,299265.82808778,3.00573340,,ETHUSD_PERP
2026-01-31,,,2026-01-31 00:00:00,binance_coin_m_archive,83542045.00000000,309203.12008439,1.84137721,,ETHUSD_PERP
2026-02-01,,,2026-02-01 00:00:00,binance_coin_m_archive,76947321.00000000,314339.45373749,3.11712074,,ETHUSD_PERP
2026-02-02,,,2026-02-02 00:00:00,binance_coin_m_archive,76492873.00000000,337493.97150464,0.54956152,,ETHUSD_PERP
2026-02-03,,,2026-02-03 00:00:00,binance_coin_m_archive,71348386.00000000,304441.86244976,0.36762573,,ETHUSD_PERP
2026-02-04,,,2026-02-04 00:00:00,binance_coin_m_archive,69675723.00000000,312518.00548002,1.83378776,,ETHUSD_PERP
2026-02-05,,,2026-02-05 00:00:00,binance_coin_m_archive,69510933.00000000,324533.85592963,0.67930691,,ETHUSD_PERP
2026-02-06,,,2026-02-06 00:00:00,binance_coin_m_archive,65353587.00000000,358661.86338635,0.95185247,,ETHUSD_PERP
2026-02-07,,,2026-02-07 00:00:00,binance_coin_m_archive,60095206.00000000,291620.95956287,0.81720614,,ETHUSD_PERP
2026-02-08,,,2026-02-08 00:00:00,binance_coin_m_archive,58253128.00000000,279246.34692555,0.65193319,,ETHUSD_PERP
2026-02-09,,,2026-02-09 00:00:00,binance_coin_m_archive,57566545.00000000,275786.05741681,2.18399718,,ETHUSD_PERP
2026-02-10,,,2026-02-10 00:00:00,binance_coin_m_archive,57582882.00000000,273855.89693953,2.74884541,,ETHUSD_PERP
2026-02-11,,,2026-02-11 00:00:00,binance_coin_m_archive,56635865.00000000,280325.61028728,2.36440067,,ETHUSD_PERP
2026-02-12,,,2026-02-12 00:00:00,binance_coin_m_archive,55381588.00000000,285425.02267667,0.39782236,,ETHUSD_PERP
2026-02-13,,,2026-02-13 00:00:00,binance_coin_m_archive,56109221.00000000,288486.77929617,0.55803638,,ETHUSD_PERP
2026-02-14,,,2026-02-14 00:00:00,binance_coin_m_archive,57533533.00000000,281034.64908391,0.75413110,,ETHUSD_PERP
2026-02-15,,,2026-02-15 00:00:00,binance_coin_m_archive,57433551.00000000,275547.90005469,2.30296128,,ETHUSD_PERP
2026-02-16,,,2026-02-16 00:00:00,binance_coin_m_archive,56985002.00000000,290163.59692740,1.31533398,,ETHUSD_PERP
2026-02-17,,,2026-02-17 00:00:00,binance_coin_m_archive,54320399.00000000,272050.87895027,1.00634294,,ETHUSD_PERP
2026-02-18,,,2026-02-18 00:00:00,binance_coin_m_archive,52106279.00000000,261878.76122651,0.55727389,,ETHUSD_PERP
2026-02-19,,,2026-02-19 00:00:00,binance_coin_m_archive,52110316.00000000,266671.69540965,3.06494244,,ETHUSD_PERP
2026-02-20,,,2026-02-20 00:00:00,binance_coin_m_archive,51924316.00000000,266684.75260935,1.33333333,,ETHUSD_PERP
2026-02-21,,,2026-02-21 00:00:00,binance_coin_m_archive,50386503.00000000,256123.98399813,1.38631270,,ETHUSD_PERP
2026-02-22,,,2026-02-22 00:00:00,binance_coin_m_archive,47100016.00000000,238753.09086301,1.77772451,,ETHUSD_PERP
2026-02-23,,,2026-02-23 00:00:00,binance_coin_m_archive,45540107.00000000,232817.87182266,2.37880192,,ETHUSD_PERP
2026-02-24,,,2026-02-24 00:00:00,binance_coin_m_archive,44150939.00000000,238017.00585024,0.55635793,,ETHUSD_PERP
2026-02-25,,,2026-02-25 00:00:00,binance_coin_m_archive,43376989.00000000,234330.63318147,1.69469627,,ETHUSD_PERP
2026-02-26,,,2026-02-26 00:00:00,binance_coin_m_archive,43719555.00000000,212560.00797351,1.56767692,,ETHUSD_PERP
2026-02-27,,,2026-02-27 00:00:00,binance_coin_m_archive,43660428.00000000,215418.90955589,0.43087377,,ETHUSD_PERP
2026-02-28,,,2026-02-28 00:00:00,binance_coin_m_archive,42427881.00000000,220017.25075057,2.00238454,,ETHUSD_PERP
2026-03-01,,,2026-03-01 00:00:00,binance_coin_m_archive,41552178.00000000,211571.65375103,1.18807420,,ETHUSD_PERP
2026-03-02,,,2026-03-02 00:00:00,binance_coin_m_archive,41004478.00000000,211550.23293445,0.65078645,,ETHUSD_PERP
2026-03-03,,,2026-03-03 00:00:00,binance_coin_m_archive,41652850.00000000,205562.13572588,0.73047962,,ETHUSD_PERP
2026-03-04,,,2026-03-04 00:00:00,binance_coin_m_archive,39002135.00000000,196769.26068527,0.18977999,,ETHUSD_PERP
2026-03-05,,,2026-03-05 00:00:00,binance_coin_m_archive,43320990.00000000,203642.11425637,0.94932929,,ETHUSD_PERP
2026-03-06,,,2026-03-06 00:00:00,binance_coin_m_archive,40481929.00000000,195338.83343634,0.19328496,,ETHUSD_PERP
2026-03-07,,,2026-03-07 00:00:00,binance_coin_m_archive,38348354.00000000,193911.64126576,0.21734456,,ETHUSD_PERP
2026-03-08,,,2026-03-08 00:00:00,binance_coin_m_archive,39019659.00000000,198234.65899270,0.36342218,,ETHUSD_PERP
2026-03-09,,,2026-03-09 00:00:00,binance_coin_m_archive,38631815.00000000,199567.17705524,0.81146657,,ETHUSD_PERP
2026-03-10,,,2026-03-10 00:00:00,binance_coin_m_archive,39452303.00000000,197939.68303834,0.72830864,,ETHUSD_PERP
2026-03-11,,,2026-03-11 00:00:00,binance_coin_m_archive,40640199.00000000,199619.81550975,0.36899291,,ETHUSD_PERP
2026-03-12,,,2026-03-12 00:00:00,binance_coin_m_archive,41377096.00000000,201686.01152695,1.98782780,,ETHUSD_PERP
2026-03-13,,,2026-03-13 00:00:00,binance_coin_m_archive,41577705.00000000,200567.04857130,2.70391954,,ETHUSD_PERP
2026-03-14,,,2026-03-14 00:00:00,binance_coin_m_archive,41263617.00000000,197235.83874443,1.54130168,,ETHUSD_PERP
2026-03-15,,,2026-03-15 00:00:00,binance_coin_m_archive,40398427.00000000,192768.17769719,0.21087676,,ETHUSD_PERP
2026-03-16,,,2026-03-16 00:00:00,binance_coin_m_archive,42213719.00000000,193836.52768849,2.26293325,,ETHUSD_PERP
2026-03-17,,,2026-03-17 00:00:00,binance_coin_m_archive,45109530.00000000,191811.79201959,1.13623083,,ETHUSD_PERP
2026-03-18,,,2026-03-18 00:00:00,binance_coin_m_archive,43937393.00000000,189634.97353791,1.59149388,,ETHUSD_PERP
2026-03-19,,,2026-03-19 00:00:00,binance_coin_m_archive,40159421.00000000,182376.16202193,0.80815803,,ETHUSD_PERP
2026-03-20,,,2026-03-20 00:00:00,binance_coin_m_archive,42418237.00000000,198529.25937545,2.64721174,,ETHUSD_PERP
2026-03-21,,,2026-03-21 00:00:00,binance_coin_m_archive,39306012.00000000,183244.81118881,0.71489945,,ETHUSD_PERP
2026-03-22,,,2026-03-22 00:00:00,binance_coin_m_archive,38630494.00000000,185412.48275843,0.53406918,,ETHUSD_PERP
2026-03-23,,,2026-03-23 00:00:00,binance_coin_m_archive,38117824.00000000,185716.98266152,1.10230714,,ETHUSD_PERP
2026-03-24,,,2026-03-24 00:00:00,binance_coin_m_archive,38351165.00000000,178319.42583740,2.40683900,,ETHUSD_PERP
2026-03-25,,,2026-03-25 00:00:00,binance_coin_m_archive,37305635.00000000,173154.72157483,1.53523224,,ETHUSD_PERP
2026-03-26,,,2026-03-26 00:00:00,binance_coin_m_archive,38730109.00000000,178696.24680043,0.62422360,,ETHUSD_PERP
2026-03-27,,,2026-03-27 00:00:00,binance_coin_m_archive,38796872.00000000,188533.84649775,1.48649379,,ETHUSD_PERP
2026-03-28,,,2026-03-28 00:00:00,binance_coin_m_archive,40918811.00000000,205590.92886617,1.14137429,,ETHUSD_PERP
2026-03-29,,,2026-03-29 00:00:00,binance_coin_m_archive,40302684.00000000,202264.83385778,1.70774793,,ETHUSD_PERP
2026-03-30,,,2026-03-30 00:00:00,binance_coin_m_archive,40829883.00000000,206045.02926928,1.36795795,,ETHUSD_PERP
2026-03-31,,,2026-03-31 00:00:00,binance_coin_m_archive,39595650.00000000,195607.18486558,3.39532571,,ETHUSD_PERP
2026-04-01,,,2026-04-01 00:00:00,binance_coin_m_archive,39209295.00000000,186497.78824201,0.59886188,,ETHUSD_PERP
2026-04-02,,,2026-04-02 00:00:00,binance_coin_m_archive,39898898.00000000,186560.26670906,2.55475655,,ETHUSD_PERP
2026-04-03,,,2026-04-03 00:00:00,binance_coin_m_archive,39670895.00000000,192958.54018325,0.22227756,,ETHUSD_PERP
2026-04-04,,,2026-04-04 00:00:00,binance_coin_m_archive,39714812.00000000,193497.04163524,3.63534676,,ETHUSD_PERP
2026-04-05,,,2026-04-05 00:00:00,binance_coin_m_archive,39795995.00000000,192809.00283208,0.24619481,,ETHUSD_PERP
2026-04-06,,,2026-04-06 00:00:00,binance_coin_m_archive,40117779.00000000,190295.79542544,0.51251643,,ETHUSD_PERP
2026-04-07,,,2026-04-07 00:00:00,binance_coin_m_archive,40873334.00000000,194054.60812428,1.72975525,,ETHUSD_PERP
2026-04-08,,,2026-04-08 00:00:00,binance_coin_m_archive,42413120.00000000,189399.24531672,0.79974446,,ETHUSD_PERP
2026-04-09,,,2026-04-09 00:00:00,binance_coin_m_archive,41034694.00000000,187436.88665338,2.21409675,,ETHUSD_PERP
2026-04-10,,,2026-04-10 00:00:00,binance_coin_m_archive,40194330.00000000,183606.43039100,4.89291265,,ETHUSD_PERP
2026-04-11,,,2026-04-11 00:00:00,binance_coin_m_archive,41595872.00000000,185292.87068149,1.51050263,,ETHUSD_PERP
2026-04-12,,,2026-04-12 00:00:00,binance_coin_m_archive,42377489.00000000,185501.67547843,0.78720543,,ETHUSD_PERP
2026-04-13,,,2026-04-13 00:00:00,binance_coin_m_archive,39001466.00000000,178049.87237623,0.26979795,,ETHUSD_PERP
2026-04-14,,,2026-04-14 00:00:00,binance_coin_m_archive,44237221.00000000,186765.26640209,0.60200436,,ETHUSD_PERP
2026-04-15,,,2026-04-15 00:00:00,binance_coin_m_archive,42198336.00000000,181691.25662324,2.13868469,,ETHUSD_PERP
2026-04-16,,,2026-04-16 00:00:00,binance_coin_m_archive,42601884.00000000,180569.25117937,2.36959609,,ETHUSD_PERP
2026-04-17,,,2026-04-17 00:00:00,binance_coin_m_archive,41445957.00000000,176545.80896422,0.53364624,,ETHUSD_PERP
2026-04-18,,,2026-04-18 00:00:00,binance_coin_m_archive,46393629.00000000,191792.15782143,0.20405156,,ETHUSD_PERP
2026-04-19,,,2026-04-19 00:00:00,binance_coin_m_archive,43487874.00000000,185048.48345588,2.34810547,,ETHUSD_PERP
2026-04-20,,,2026-04-20 00:00:00,binance_coin_m_archive,42694593.00000000,188726.23715328,0.89828080,,ETHUSD_PERP
2026-04-21,,,2026-04-21 00:00:00,binance_coin_m_archive,42034458.00000000,181689.93910172,0.54292953,,ETHUSD_PERP
2026-04-22,,,2026-04-22 00:00:00,binance_coin_m_archive,43994636.00000000,189077.53958861,1.65219016,,ETHUSD_PERP
2026-04-23,,,2026-04-23 00:00:00,binance_coin_m_archive,47180442.00000000,198772.50072675,0.54507792,,ETHUSD_PERP
2026-04-24,,,2026-04-24 00:00:00,binance_coin_m_archive,42965990.00000000,184416.84586429,0.61999055,,ETHUSD_PERP
2026-04-25,,,2026-04-25 00:00:00,binance_coin_m_archive,43890782.00000000,189634.35816753,0.10693884,,ETHUSD_PERP
2026-04-26,,,2026-04-26 00:00:00,binance_coin_m_archive,43475308.00000000,187479.36592676,0.88622159,,ETHUSD_PERP
2026-04-27,,,2026-04-27 00:00:00,binance_coin_m_archive,44016605.00000000,185804.33838488,0.96079846,,ETHUSD_PERP
2026-04-28,,,2026-04-28 00:00:00,binance_coin_m_archive,43726766.00000000,189924.79759547,0.87314024,,ETHUSD_PERP
2026-04-29,,,2026-04-29 00:00:00,binance_coin_m_archive,43105640.00000000,188399.59964860,0.64038364,,ETHUSD_PERP
2026-04-30,,,2026-04-30 00:00:00,binance_coin_m_archive,42500645.00000000,188812.49156977,0.60550256,,ETHUSD_PERP
2026-05-01,,,2026-05-01 00:00:00,binance_coin_m_archive,43508639.00000000,192873.68617038,0.52042898,,ETHUSD_PERP
2026-05-02,,,2026-05-02 00:00:00,binance_coin_m_archive,43541684.00000000,189776.20871960,1.65157676,,ETHUSD_PERP
2026-05-03,,,2026-05-03 00:00:00,binance_coin_m_archive,45084514.00000000,194702.72511872,0.44179622,,ETHUSD_PERP
2026-05-04,,,2026-05-04 00:00:00,binance_coin_m_archive,43117820.00000000,185730.54236640,1.09670364,,ETHUSD_PERP
2026-05-05,,,2026-05-05 00:00:00,binance_coin_m_archive,44151418.00000000,188221.20740006,0.74318489,,ETHUSD_PERP
2026-05-06,,,2026-05-06 00:00:00,binance_coin_m_archive,43618851.00000000,184872.25329955,0.63988621,,ETHUSD_PERP
2026-05-07,,,2026-05-07 00:00:00,binance_coin_m_archive,44059373.00000000,187508.23711660,0.58597514,,ETHUSD_PERP
2026-05-08,,,2026-05-08 00:00:00,binance_coin_m_archive,42536242.00000000,185721.20369889,0.23030225,,ETHUSD_PERP
2026-05-09,,,2026-05-09 00:00:00,binance_coin_m_archive,43007675.00000000,186446.76377509,1.59272873,,ETHUSD_PERP
2026-05-10,,,2026-05-10 00:00:00,binance_coin_m_archive,41151812.00000000,176961.99547180,0.47135625,,ETHUSD_PERP
2026-05-11,,,2026-05-11 00:00:00,binance_coin_m_archive,41885394.00000000,176716.70745085,0.86190621,,ETHUSD_PERP
2026-05-12,,,2026-05-12 00:00:00,binance_coin_m_archive,39504696.00000000,168916.53650886,1.37437377,,ETHUSD_PERP
2026-05-13,,,2026-05-13 00:00:00,binance_coin_m_archive,40075272.00000000,176241.46394781,0.41739797,,ETHUSD_PERP
2026-05-14,,,2026-05-14 00:00:00,binance_coin_m_archive,38894214.00000000,172325.54687876,0.39833019,,ETHUSD_PERP
2026-05-15,,,2026-05-15 00:00:00,binance_coin_m_archive,40343800.00000000,176785.17643868,0.46649257,,ETHUSD_PERP
2026-05-16,,,2026-05-16 00:00:00,binance_coin_m_archive,39685089.00000000,178566.20455987,0.57473912,,ETHUSD_PERP
2026-05-17,,,2026-05-17 00:00:00,binance_coin_m_archive,42321825.00000000,194259.09250232,0.38933521,,ETHUSD_PERP
2026-05-18,,,2026-05-18 00:00:00,binance_coin_m_archive,40647272.00000000,190912.57615585,0.35417297,,ETHUSD_PERP
2026-05-19,,,2026-05-19 00:00:00,binance_coin_m_archive,39527995.00000000,185783.65199771,2.08789978,,ETHUSD_PERP
2026-05-20,,,2026-05-20 00:00:00,binance_coin_m_archive,40391989.00000000,191510.03109314,1.61398580,,ETHUSD_PERP
2026-05-21,,,2026-05-21 00:00:00,binance_coin_m_archive,39251925.00000000,184573.36255014,2.05179616,,ETHUSD_PERP
2026-05-22,,,2026-05-22 00:00:00,binance_coin_m_archive,39516387.00000000,185428.05324975,0.17207109,,ETHUSD_PERP
2026-05-23,,,2026-05-23 00:00:00,binance_coin_m_archive,41484820.00000000,201141.44690589,0.79334943,,ETHUSD_PERP
2026-05-24,,,2026-05-24 00:00:00,binance_coin_m_archive,40617674.00000000,192135.67580097,2.84319221,,ETHUSD_PERP
2026-05-25,,,2026-05-25 00:00:00,binance_coin_m_archive,40284048.00000000,192151.79802239,0.28975899,,ETHUSD_PERP
2026-05-26,,,2026-05-26 00:00:00,binance_coin_m_archive,38989543.00000000,184791.29528948,1.55456201,,ETHUSD_PERP
2026-05-27,,,2026-05-27 00:00:00,binance_coin_m_archive,38201406.00000000,184558.86413353,2.33997509,,ETHUSD_PERP
2026-05-28,,,2026-05-28 00:00:00,binance_coin_m_archive,39011731.00000000,193028.00043542,2.88642549,,ETHUSD_PERP
2026-05-29,,,2026-05-29 00:00:00,binance_coin_m_archive,40702242.00000000,202831.64582026,1.04672438,,ETHUSD_PERP
2026-05-30,,,2026-05-30 00:00:00,binance_coin_m_archive,36166499.00000000,179808.06162568,3.29551585,,ETHUSD_PERP
2026-05-31,,,2026-05-31 00:00:00,binance_coin_m_archive,37878393.00000000,187642.20147128,3.97476953,,ETHUSD_PERP
2026-06-01,,,2026-06-01 00:00:00,binance_coin_m_archive,36638585.00000000,182830.00743524,2.91455530,,ETHUSD_PERP
2026-06-02,,,2026-06-02 00:00:00,binance_coin_m_archive,39490141.00000000,197092.98123905,0.68385795,,ETHUSD_PERP
2026-06-03,,,2026-06-03 00:00:00,binance_coin_m_archive,39343829.00000000,211940.62303002,1.63118607,,ETHUSD_PERP
2026-06-04,,,2026-06-04 00:00:00,binance_coin_m_archive,38166230.00000000,210894.60858802,0.45527080,,ETHUSD_PERP
2026-06-05,,,2026-06-05 00:00:00,binance_coin_m_archive,35172972.00000000,198921.89709193,1.12580119,,ETHUSD_PERP
2026-06-06,,,2026-06-06 00:00:00,binance_coin_m_archive,34986248.00000000,221131.79020728,2.04264161,,ETHUSD_PERP
2026-06-07,,,2026-06-07 00:00:00,binance_coin_m_archive,33925370.00000000,216347.95670319,4.05972570,,ETHUSD_PERP
2026-06-08,,,2026-06-08 00:00:00,binance_coin_m_archive,35948584.00000000,212875.92414865,1.94098887,,ETHUSD_PERP
2026-06-09,,,2026-06-09 00:00:00,binance_coin_m_archive,35385329.00000000,209539.56550141,4.33129261,,ETHUSD_PERP
2026-06-10,,,2026-06-10 00:00:00,binance_coin_m_archive,32114642.00000000,196096.16962069,1.22438143,,ETHUSD_PERP
2026-06-11,,,2026-06-11 00:00:00,binance_coin_m_archive,31665237.00000000,195532.45610672,1.45763621,,ETHUSD_PERP
2026-06-12,,,2026-06-12 00:00:00,binance_coin_m_archive,35163399.00000000,210445.86151176,1.79965286,,ETHUSD_PERP
2026-06-13,,,2026-06-13 00:00:00,binance_coin_m_archive,33642393.00000000,202067.33697317,3.82360595,,ETHUSD_PERP
2026-06-14,,,2026-06-14 00:00:00,binance_coin_m_archive,34934382.00000000,208005.89464659,8.72614928,,ETHUSD_PERP
2026-06-15,,,2026-06-15 00:00:00,binance_coin_m_archive,33882934.00000000,196565.24437999,0.18788235,,ETHUSD_PERP
2026-06-16,,,2026-06-16 00:00:00,binance_coin_m_archive,33148922.00000000,184754.97294074,10.06899563,,ETHUSD_PERP
2026-06-17,,,2026-06-17 00:00:00,binance_coin_m_archive,33486378.00000000,187002.65260877,0.97745849,,ETHUSD_PERP
2026-06-18,,,2026-06-18 00:00:00,binance_coin_m_archive,31551425.00000000,180433.30748050,1.14595614,,ETHUSD_PERP
2026-06-19,,,2026-06-19 00:00:00,binance_coin_m_archive,29736772.00000000,174038.68596478,0.27742023,,ETHUSD_PERP
2026-06-20,,,2026-06-20 00:00:00,binance_coin_m_archive,31215240.00000000,182675.59311322,1.70168304,,ETHUSD_PERP
2026-06-21,,,2026-06-21 00:00:00,binance_coin_m_archive,31698285.00000000,182365.85029082,0.31608533,,ETHUSD_PERP
2026-06-22,,,2026-06-22 00:00:00,binance_coin_m_archive,32040668.00000000,188033.49982721,0.51580660,,ETHUSD_PERP
2026-06-23,,,2026-06-23 00:00:00,binance_coin_m_archive,30181664.00000000,174904.31789338,2.58610272,,ETHUSD_PERP
2026-06-24,,,2026-06-24 00:00:00,binance_coin_m_archive,32960646.00000000,198052.24006153,0.28162111,,ETHUSD_PERP
2026-06-25,,,2026-06-25 00:00:00,binance_coin_m_archive,32157006.00000000,198606.69618869,4.39553178,,ETHUSD_PERP
2026-06-26,,,2026-06-26 00:00:00,binance_coin_m_archive,34052906.00000000,217730.97014687,1.23359871,,ETHUSD_PERP
2026-06-27,,,2026-06-27 00:00:00,binance_coin_m_archive,31410286.00000000,199372.81094652,0.35503513,,ETHUSD_PERP
2026-06-28,,,2026-06-28 00:00:00,binance_coin_m_archive,32225763.00000000,205155.09931245,0.94710947,,ETHUSD_PERP
2026-06-29,,,2026-06-29 00:00:00,binance_coin_m_archive,31600749.00000000,201436.46933585,1.98564964,,ETHUSD_PERP
2026-06-30,,,2026-06-30 00:00:00,binance_coin_m_archive,32419430.00000000,201371.01425436,0.42417384,,ETHUSD_PERP
2026-07-01,0.29941342,4.74829510,2026-07-01 00:00:00,binance_coin_m_archive,37416118.00000000,238275.21031147,1.74410985,1.48455508,ETHUSD_PERP
2026-07-02,0.29746216,4.58876812,2026-07-02 00:00:00,binance_coin_m_archive,37843681.00000000,235805.50497325,1.46338017,1.41136660,ETHUSD_PERP
2026-07-03,0.29300350,4.17058166,2026-07-03 00:00:00,binance_coin_m_archive,41412646.00000000,243850.68657311,0.61438800,1.15850602,ETHUSD_PERP
2026-07-04,0.29144992,4.08245711,2026-07-04 00:00:00,binance_coin_m_archive,41793886.00000000,237962.12350715,0.46198923,1.11914143,ETHUSD_PERP
2026-07-05,0.28891635,3.93567568,2026-07-05 00:00:00,binance_coin_m_archive,41675659.00000000,234588.98293441,2.23146998,1.10844175,ETHUSD_PERP
2026-07-06,0.28715090,3.85630342,2026-07-06 00:00:00,binance_coin_m_archive,41648848.00000000,233782.65750595,0.89295932,1.09839069,ETHUSD_PERP
2026-07-07,0.28269667,3.73028391,2026-07-07 00:00:00,binance_coin_m_archive,41144084.00000000,228835.04822078,0.21712633,1.07157281,ETHUSD_PERP
2026-07-08,0.27973613,3.70362585,2026-07-08 00:00:00,binance_coin_m_archive,38177846.00000000,215737.72480556,1.88313931,1.22433874,ETHUSD_PERP
2026-07-09,0.28190115,3.72822665,2026-07-09 00:00:00,binance_coin_m_archive,38905512.00000000,223645.02388466,6.08451766,1.33304112,ETHUSD_PERP
